item_desc,suppl_name,corp_item_prod_cat_name,corp_item_prod_class_name,brand_name,class_desc,category_desc,corp_item_pgrp_name,corp_item_flavor,corp_item_appel_name,corp_item_region_name,corp_item_cnty_name,corp_item_proof,varietal,color,corp_item_size,corp_item_uom,item_no,group_desc,corp_item_prod_super_group_name,customer_no,stdlinxscd,customer_name,address_1,address_2,city,state,site,premise_code,upc_cd,brand_no,suppl_no,decimal_case_qty,net_revenue_amt
ANGELS ENVY BBN 86.6,BACARDI USA INC,SPIRITS,BOURBON,ANGELS ENVY BOURBON,WHISKEY DOMESTIC,Liquor Products,ANGELS ENVY,,DNA--KENTUCKY,KENTUCKY,UNITED STATES,86.60,BLEND-GRAINS,TAWNY/BROWN,750ML,ML ,404725,BOURBON,HOUSE OF BACARDI PRESTIGE BRANDS,33084,3523553    ,TERRANEA,6610 PALO VERDES DR S STE #A,,RANCHO PALOS VERDES,CA,20,ON ,0085004700300,4891,101079,34.000,7344.00
ANGELS ENVY RYE WSKY 100,BACARDI USA INC,SPIRITS,STRAIGHT RYE WHISKY,ANGELS ENVY RYE,WHISKEY DOMESTIC,Liquor Products,ANGELS ENVY,,DNA--KENTUCKY,KENTUCKY,UNITED STATES,100.00,RYE,TAWNY/BROWN,750ML,ML ,410753,RYE WHISKEY,HOUSE OF BACARDI PRESTIGE BRANDS,33084,3523553    ,TERRANEA,6610 PALO VERDES DR S STE #A,,RANCHO PALOS VERDES,CA,20,ON ,0085004700306,5205,101079,18.000,6984.60
GREY GOOSE VODKA 80,BACARDI USA INC,SPIRITS,VODKA,GREY GOOSE ORIGINAL,VODKA IMPORTED,Liquor Products,HOUSE OF GREY GOOSE,,DNA--FRANCE,DNA--FRANCE,FRANCE,80.00,WHEAT,WHITE,1.0L,LT ,17098,VODKA IMPORTED,HOUSE OF GREY GOOSE,33084,3523553    ,TERRANEA,6610 PALO VERDES DR S STE #A,,RANCHO PALOS VERDES,CA,20,ON ,0008048028001,1265,101079,173.000,32570.16
LEBLON CACHACA 80,BACARDI USA INC,SPIRITS,RUM,LEBLON CACHACA,RUM IMPORTED,Liquor Products,CACHACA RUM,,DNA--BRAZIL,DNA--BRAZIL,BRAZIL,80.00,,WHITE,1.0L,LT ,484344,CACHACA,HOUSE OF NICHE BRANDS,33084,3523553    ,TERRANEA,6610 PALO VERDES DR S STE #A,,RANCHO PALOS VERDES,CA,20,ON ,0008048000726,3478,101079,8.000,1354.32
PATRON TEQ ANEJO 80,BACARDI USA INC,SPIRITS,TEQUILA,PATRON ANEJO,TEQUILA,Liquor Products,PATRON TEQUILA (EXCLUDING ROCA),,TEQUILA,JALISCO,MEXICO,80.00,100% BLUE AGAVE,TAWNY/BROWN,750ML,ML ,327,ANEJO TEQUILA,PATRON SPIRITS COMPANY,33084,3523553    ,TERRANEA,6610 PALO VERDES DR S STE #A,,RANCHO PALOS VERDES,CA,20,ON ,0072173300001,4157,101079,4.000,2173.80
PATRON TEQ GRAN PLATINUM 80 BAR,BACARDI USA INC,SPIRITS,TEQUILA,PATRON GRAN PLATINUM,TEQUILA,Liquor Products,PATRON TEQUILA (EXCLUDING ROCA),,DNA--MEXICO,DNA--MEXICO,MEXICO,80.00,100% BLUE AGAVE,WHITE,750ML,ML ,118731,SILVER / PLATA TEQUILA,PATRON SPIRITS COMPANY,33084,3523553    ,TERRANEA,6610 PALO VERDES DR S STE #A,,RANCHO PALOS VERDES,CA,20,ON ,0072173355091,4158,101079,1.000,439.00
PATRON TEQ REPOSADO 80,BACARDI USA INC,SPIRITS,TEQUILA,PATRON REPO,TEQUILA,Liquor Products,PATRON TEQUILA (EXCLUDING ROCA),,TEQUILA,JALISCO,MEXICO,80.00,100% BLUE AGAVE,TAWNY/BROWN,750ML,ML ,43177,REPOSADO TEQUILA,PATRON SPIRITS COMPANY,33084,3523553    ,TERRANEA,6610 PALO VERDES DR S STE #A,,RANCHO PALOS VERDES,CA,20,ON ,0072173300015,4159,101079,1.000,469.80
PATRON TEQ SILVER 80,BACARDI USA INC,SPIRITS,TEQUILA,PATRON SILVER,TEQUILA,Liquor Products,PATRON TEQUILA (EXCLUDING ROCA),,TEQUILA,JALISCO,MEXICO,80.00,100% BLUE AGAVE,WHITE,200ML,ML ,288244,SILVER / PLATA TEQUILA,PATRON SPIRITS COMPANY,33084,3523553    ,TERRANEA,6610 PALO VERDES DR S STE #A,,RANCHO PALOS VERDES,CA,20,ON ,0072173300110,4160,101079,14.000,2022.25
PATRON TEQ SILVER 80,BACARDI USA INC,SPIRITS,TEQUILA,PATRON SILVER,TEQUILA,Liquor Products,PATRON TEQUILA (EXCLUDING ROCA),,TEQUILA,JALISCO,MEXICO,80.00,100% BLUE AGAVE,WHITE,375ML,ML ,71616,SILVER / PLATA TEQUILA,PATRON SPIRITS COMPANY,33084,3523553    ,TERRANEA,6610 PALO VERDES DR S STE #A,,RANCHO PALOS VERDES,CA,20,ON ,0072173300094,4160,101079,0.000,0.00
PATRON TEQ SILVER 80,BACARDI USA INC,SPIRITS,TEQUILA,PATRON SILVER,TEQUILA,Liquor Products,PATRON TEQUILA (EXCLUDING ROCA),,TEQUILA,JALISCO,MEXICO,80.00,100% BLUE AGAVE,WHITE,750ML,ML ,328,SILVER / PLATA TEQUILA,PATRON SPIRITS COMPANY,33084,3523553    ,TERRANEA,6610 PALO VERDES DR S STE #A,,RANCHO PALOS VERDES,CA,20,ON ,0072173300002,4160,101079,4.000,1845.60
PATRON TEQ SILVER 80 BAR PK,BACARDI USA INC,SPIRITS,TEQUILA,PATRON SILVER,TEQUILA,Liquor Products,PATRON TEQUILA (EXCLUDING ROCA),,TEQUILA,JALISCO,MEXICO,80.00,100% BLUE AGAVE,WHITE,750ML,ML ,109101,SILVER / PLATA TEQUILA,PATRON SPIRITS COMPANY,33084,3523553    ,TERRANEA,6610 PALO VERDES DR S STE #A,,RANCHO PALOS VERDES,CA,20,ON ,0072173300032,4160,101079,1.000,230.70
PATRON TEQUILA SILVER 80 BAR,BACARDI USA INC,SPIRITS,TEQUILA,PATRON SILVER,TEQUILA,Liquor Products,PATRON TEQUILA (EXCLUDING ROCA),,TEQUILA,JALISCO,MEXICO,80.00,100% BLUE AGAVE,WHITE,750ML,ML ,118695,SILVER / PLATA TEQUILA,PATRON SPIRITS COMPANY,33084,3523553    ,TERRANEA,6610 PALO VERDES DR S STE #A,,RANCHO PALOS VERDES,CA,20,ON ,0072173300002,4160,101079,109.000,49644.60
APEROL APERITIVO 22,CAMPARI AMERICA,SPIRITS,CORDIALS/LIQUORS,APEROL,APERITIF / BITTERS IMPORTED,Liquor Products,APEROL,BLEND-PROPRIETARY,DNA--MARCHES,MARCHES,ITALY,22.00,,ORANGE,750ML,ML ,557366,NONE,APEROL,33084,3523553    ,TERRANEA,6610 PALO VERDES DR S STE #A,,RANCHO PALOS VERDES,CA,20,ON ,0072105900131,3208,100478,0.000,0.00
APEROL APERITIVO 22,CAMPARI AMERICA,SPIRITS,CORDIALS/LIQUORS,APEROL,CORDIALS IMPORTED,Liquor Products,APEROL,BLEND-PROPRIETARY,DNA--MARCHES,MARCHES,ITALY,22.00,,ORANGE,1.0L,LT ,557367,FLAVORED CORDIAL IMPORTED,APEROL,33084,3523553    ,TERRANEA,6610 PALO VERDES DR S STE #A,,RANCHO PALOS VERDES,CA,20,ON ,0072105900238,3208,100478,129.000,22338.87
CAMPARI APERITIVO 48,CAMPARI AMERICA,SPIRITS,CORDIALS/LIQUORS,CAMPARI,APERITIF / BITTERS IMPORTED,Liquor Products,CAMPARI,BLEND-PROPRIETARY,DNA--LOMBARDY,LOMBARDY,ITALY,48.00,,RED,1.0L,LT ,980581,NONE,CAMPARI,33084,3523553    ,TERRANEA,6610 PALO VERDES DR S STE #A,,RANCHO PALOS VERDES,CA,20,ON ,0002105904100,1360,100478,6.000,2200.85
CAMPARI APERITIVO 48,CAMPARI AMERICA,SPIRITS,CORDIALS/LIQUORS,CAMPARI,APERITIF / BITTERS IMPORTED,Liquor Products,CAMPARI,BLEND-PROPRIETARY,DNA--ITALY,DNA--ITALY,ITALY,48.00,,WHITE,1.0L,LT ,606739,NONE,CAMPARI,33084,3523553    ,TERRANEA,6610 PALO VERDES DR S STE #A,,RANCHO PALOS VERDES,CA,20,ON ,0072105904100,1360,100478,19.000,3581.49
CAMPARI APERITIVO 48,CAMPARI AMERICA,SPIRITS,CORDIALS/LIQUORS,CAMPARI,APERITIF / BITTERS IMPORTED,Liquor Products,CAMPARI,BLEND-PROPRIETARY,DNA--LOMBARDY,LOMBARDY,ITALY,48.00,,RED,750ML,ML ,980582,NONE,CAMPARI,33084,3523553    ,TERRANEA,6610 PALO VERDES DR S STE #A,,RANCHO PALOS VERDES,CA,20,ON ,0072105904750,1360,100478,1.000,289.65
COURVOISIER COG VSOP 80,CAMPARI AMERICA,SPIRITS,BRANDY,COURVOISIER VSOP,BRANDY IMPORTED,Liquor Products,COURVOISIER VSOP,,COGNAC,COGNAC,FRANCE,80.00,BLEND-COGNAC,TAWNY/BROWN,1.0L,LT ,406997,COGNAC,COURVOISIER,33084,3523553    ,TERRANEA,6610 PALO VERDES DR S STE #A,,RANCHO PALOS VERDES,CA,20,ON ,0008068696203,282,100478,2.000,1168.00
CYNAR RICETTA ORIGINALE 33,CAMPARI AMERICA,SPIRITS,CORDIALS/LIQUORS,CYNAR,APERITIF / BITTERS IMPORTED,Liquor Products,CYNAR,OTHER,DNA--MARCHES,MARCHES,ITALY,33.00,,TAWNY/BROWN,1.0L,LT ,557424,NONE,CYNAR,33084,3523553    ,TERRANEA,6610 PALO VERDES DR S STE #A,,RANCHO PALOS VERDES,CA,20,ON ,0088734100001,1933,100478,1.000,274.08
FRANGELICO LIQ 40,CAMPARI AMERICA,SPIRITS,CORDIALS/LIQUORS,FRANGELICO LIQUEUR,CORDIALS IMPORTED,Liquor Products,FRANGELICO LIQUEUR,HAZELNUT,DNA--ITALY,DNA--ITALY,ITALY,40.00,,WHITE,1.0L,LT ,311648,FLAVORED CORDIAL IMPORTED,FRANGELICO LIQUEUR,33084,3523553    ,TERRANEA,6610 PALO VERDES DR S STE #A,,RANCHO PALOS VERDES,CA,20,ON ,0072105998100,1022,100478,1.000,419.91
GRAND MARNIER 80,CAMPARI AMERICA,SPIRITS,CORDIALS/LIQUORS,GRAND MARNIER LESS CUVEES,CORDIALS IMPORTED,Liquor Products,GRAND MARNIER LESS CUVEES,ORANGE,DNA--FRANCE,DNA--FRANCE,FRANCE,80.00,BLEND-COGNAC,TAWNY/BROWN,1.0L,LT ,991348,FLAVORED CORDIAL IMPORTED,GRAND MARNIER,33084,3523553    ,TERRANEA,6610 PALO VERDES DR S STE #A,,RANCHO PALOS VERDES,CA,20,ON ,0064918890048,167,100478,43.000,9613.19
CINCORO TEQ ANEJO 80 GB,CINCO SPIRITS/PARK STREET IMPO,SPIRITS,TEQUILA,CINCORO,TEQUILA,Liquor Products,CINCORO ANEJO,,TEQUILA,JALISCO,MEXICO,80.00,100% BLUE AGAVE,TAWNY/BROWN,750ML,ML ,966903,,CINCORO,33084,3523553    ,TERRANEA,6610 PALO VERDES DR S STE #A,,RANCHO PALOS VERDES,CA,20,ON ,0085000864905,6620,113775,2.000,1208.00
BAILEYS IRISH CREAM 34,DIAGEO SPIRITS,SPIRITS,CORDIALS/LIQUORS,BAILEYS,CORDIALS IMPORTED,Liquor Products,BAILEYS ORIGINAL,CREAM,DNA--IRELAND,DNA--IRELAND,IRELAND,34.00,BLEND-GRAINS,OTHER,1.0L,LT ,332775,CREAMS IMPORTED,BAILEYS,33084,3523553    ,TERRANEA,6610 PALO VERDES DR S STE #A,,RANCHO PALOS VERDES,CA,20,ON ,0008676721004,3517,100534,16.000,5344.00
BULLEIT BOURBON 90,DIAGEO SPIRITS,SPIRITS,BOURBON,BULLEIT BOURBON,WHISKEY DOMESTIC,Liquor Products,BULLEIT,,DNA--KENTUCKY,KENTUCKY,UNITED STATES,90.00,BLEND-GRAINS,TAWNY/BROWN,750ML,ML ,354788,BOURBON,BULLEIT,33084,3523553    ,TERRANEA,6610 PALO VERDES DR S STE #A,,RANCHO PALOS VERDES,CA,20,ON ,0008700000552,2670,100534,11.000,3132.00
BULLEIT BOURBON 90,DIAGEO SPIRITS,SPIRITS,BOURBON,BULLEIT BOURBON,WHISKEY DOMESTIC,Liquor Products,BULLEIT,,DNA--KENTUCKY,KENTUCKY,UNITED STATES,90.00,BLEND-GRAINS,TAWNY/BROWN,1.0L,LT ,352429,BOURBON,BULLEIT,33084,3523553    ,TERRANEA,6610 PALO VERDES DR S STE #A,,RANCHO PALOS VERDES,CA,20,ON ,0008700000554,2670,100534,55.000,19250.00
BULLEIT 95 RYE 90,DIAGEO SPIRITS,SPIRITS,STRAIGHT RYE WHISKY,BULLEIT RYE,WHISKEY DOMESTIC,Liquor Products,BULLEIT,,DNA--UNITED STATES,DNA--UNITED STATES,UNITED STATES,90.00,RYE,TAWNY/BROWN,750ML,ML ,469598,RYE WHISKEY,BULLEIT,33084,3523553    ,TERRANEA,6610 PALO VERDES DR S STE #A,,RANCHO PALOS VERDES,CA,20,ON ,0008200075296,1042,100534,2.000,558.00
BULLEIT 95 RYE 90,DIAGEO SPIRITS,SPIRITS,STRAIGHT RYE WHISKY,BULLEIT RYE,WHISKEY DOMESTIC,Liquor Products,BULLEIT,,DNA--UNITED STATES,DNA--UNITED STATES,UNITED STATES,90.00,RYE,TAWNY/BROWN,1.0L,LT ,443649,RYE WHISKEY,BULLEIT,33084,3523553    ,TERRANEA,6610 PALO VERDES DR S STE #A,,RANCHO PALOS VERDES,CA,20,ON ,0008200075297,1042,100534,22.000,7700.00
CAPT MORGAN RUM SP MV 70,DIAGEO SPIRITS,SPIRITS,RUM,CAPT MORGAN SPICED,RUM IMPORTED,Liquor Products,CAPTAIN MORGAN RUM,BLEND-SPICES,DNA--UNITED STATES,DNA--UNITED STATES,UNITED STATES,70.00,,TAWNY/BROWN,750ML,ML ,597192,FLAVORED RUM IMPORTED,CAPTAIN MORGAN,33084,3523553    ,TERRANEA,6610 PALO VERDES DR S STE #A,,RANCHO PALOS VERDES,CA,20,ON ,0008700000271,3626,100534,2.000,348.00
CAPT MORGAN RUM SP MV 70,DIAGEO SPIRITS,SPIRITS,RUM,CAPT MORGAN SPICED,RUM IMPORTED,Liquor Products,CAPTAIN MORGAN RUM,BLEND-SPICES,DNA--UNITED STATES,DNA--UNITED STATES,UNITED STATES,70.00,,TAWNY/BROWN,1.0L,LT ,597191,FLAVORED RUM IMPORTED,CAPTAIN MORGAN,33084,3523553    ,TERRANEA,6610 PALO VERDES DR S STE #A,,RANCHO PALOS VERDES,CA,20,ON ,0008700000270,3626,100534,7.000,1680.00
CAPT MORGAN RUM SPICED 70,DIAGEO SPIRITS,SPIRITS,RUM,CAPT MORGAN SPICED,RUM IMPORTED,Liquor Products,CAPTAIN MORGAN RUM,BLEND-SPICES,DNA--UNITED STATES,DNA--UNITED STATES,UNITED STATES,70.00,,TAWNY/BROWN,1.0L,LT ,901635,FLAVORED RUM IMPORTED,CAPTAIN MORGAN,33084,3523553    ,TERRANEA,6610 PALO VERDES DR S STE #A,,RANCHO PALOS VERDES,CA,20,ON ,0008700000270,3626,100534,8.000,1800.00
CASAMIGOS MEZCAL JOVEN 80,DIAGEO SPIRITS,SPIRITS,TEQUILA,CASAMIGOS,MEZCAL,Liquor Products,CASAMIGOS SPIRITS MEZCAL,,DNA--OAXACA,OAXACA,MEXICO,80.00,MAGUEY/MEZCAL,WHITE,1.0L,LT ,904165,SILVER / PLATA MEZCAL,CASAMIGOS SPIRITS,33084,3523553    ,TERRANEA,6610 PALO VERDES DR S STE #A,,RANCHO PALOS VERDES,CA,20,ON ,0085672400633,5814,100534,3.832,1315.00
CASAMIGOS TEQUILA BLANCO 80,DIAGEO SPIRITS,SPIRITS,TEQUILA,CASAMIGOS,TEQUILA,Liquor Products,CASAMIGOS BLANCO TEQUILA,,TEQUILA,JALISCO,MEXICO,80.00,100% BLUE AGAVE,WHITE,1.0L,LT ,446128,SILVER / PLATA TEQUILA,CASAMIGOS SPIRITS,33084,3523553    ,TERRANEA,6610 PALO VERDES DR S STE #A,,RANCHO PALOS VERDES,CA,20,ON ,0085672400610,5814,100534,244.834,66907.75
CASAMIGOS TEQUILA BLANCO 80,DIAGEO SPIRITS,SPIRITS,TEQUILA,CASAMIGOS,TEQUILA,Liquor Products,CASAMIGOS BLANCO TEQUILA,,TEQUILA,JALISCO,MEXICO,80.00,100% BLUE AGAVE,WHITE,750ML,ML ,446131,SILVER / PLATA TEQUILA,CASAMIGOS SPIRITS,33084,3523553    ,TERRANEA,6610 PALO VERDES DR S STE #A,,RANCHO PALOS VERDES,CA,20,ON ,0085672400611,5814,100534,6.000,1500.00
CASAMIGOS TEQUILA REPOSADO 80,DIAGEO SPIRITS,SPIRITS,TEQUILA,CASAMIGOS,TEQUILA,Liquor Products,CASAMIGOS REPOSADO TEQUILA,,TEQUILA,JALISCO,MEXICO,80.00,100% BLUE AGAVE,TAWNY/BROWN,1.0L,LT ,446127,REPOSADO TEQUILA,CASAMIGOS SPIRITS,33084,3523553    ,TERRANEA,6610 PALO VERDES DR S STE #A,,RANCHO PALOS VERDES,CA,20,ON ,0085672400620,5814,100534,129.000,39141.00
CASAMIGOS TEQUILA REPOSADO 80,DIAGEO SPIRITS,SPIRITS,TEQUILA,CASAMIGOS,TEQUILA,Liquor Products,CASAMIGOS REPOSADO TEQUILA,,TEQUILA,JALISCO,MEXICO,80.00,100% BLUE AGAVE,TAWNY/BROWN,1.75L,LT ,418952,REPOSADO TEQUILA,CASAMIGOS SPIRITS,33084,3523553    ,TERRANEA,6610 PALO VERDES DR S STE #A,,RANCHO PALOS VERDES,CA,20,ON ,0085672400624,5814,100534,4.000,1222.64
CASAMIGOS TEQUILA REPOSADO 80,DIAGEO SPIRITS,SPIRITS,TEQUILA,CASAMIGOS,TEQUILA,Liquor Products,CASAMIGOS REPOSADO TEQUILA,,TEQUILA,JALISCO,MEXICO,80.00,100% BLUE AGAVE,TAWNY/BROWN,750ML,ML ,446086,REPOSADO TEQUILA,CASAMIGOS SPIRITS,33084,3523553    ,TERRANEA,6610 PALO VERDES DR S STE #A,,RANCHO PALOS VERDES,CA,20,ON ,0085672400621,5814,100534,10.000,2760.00
CROWN ROYAL CANADIAN 80 YRC,DIAGEO SPIRITS,SPIRITS,CANADIAN WHISKEY,CROWN ROYAL,WHISKEY IMPORTED,Liquor Products,CROWN ROYAL,,DNA--CANADA,DNA--CANADA,CANADA,80.00,BLEND-GRAINS,TAWNY/BROWN,750ML,ML ,49005,CANADIAN WHISKEY,CROWN ROYAL,33084,3523553    ,TERRANEA,6610 PALO VERDES DR S STE #A,,RANCHO PALOS VERDES,CA,20,ON ,0008700000725,3630,100534,1.000,293.00
CROWN ROYAL CANADIAN 80(BAR),DIAGEO SPIRITS,SPIRITS,CANADIAN WHISKEY,CROWN ROYAL,WHISKEY IMPORTED,Liquor Products,CROWN ROYAL,,DNA--CANADA,DNA--CANADA,CANADA,80.00,BLEND-GRAINS,TAWNY/BROWN,1.0L,LT ,631498,CANADIAN WHISKEY,CROWN ROYAL,33084,3523553    ,TERRANEA,6610 PALO VERDES DR S STE #A,,RANCHO PALOS VERDES,CA,20,ON ,0008700000724,3630,100534,1.000,367.00
CROWN ROYAL CANADIAN 80(BAR),DIAGEO SPIRITS,SPIRITS,CANADIAN WHISKEY,CROWN ROYAL,WHISKEY IMPORTED,Liquor Products,CROWN ROYAL,,DNA--CANADA,DNA--CANADA,CANADA,80.00,BLEND-GRAINS,TAWNY/BROWN,1.0L,LT ,412038,CANADIAN WHISKEY,CROWN ROYAL,33084,3523553    ,TERRANEA,6610 PALO VERDES DR S STE #A,,RANCHO PALOS VERDES,CA,20,ON ,0008700000724,3630,100534,26.000,9542.00
DALWHINNIE SGL MALT 15YR 86,DIAGEO SPIRITS,SPIRITS,SCOTCH,DALWHINNIE,WHISKEY IMPORTED,Liquor Products,DALWHINNIE,,DNA--HIGHLANDS,SCOTLAND,UNITED KINGDOM,86.00,BARLEY,TAWNY/BROWN,750ML,ML ,20564,SINGLE MALTS,SINGLE MALTS,33084,3523553    ,TERRANEA,6610 PALO VERDES DR S STE #A,,RANCHO PALOS VERDES,CA,20,ON ,0008811010005,3151,100534,0.332,274.32
DON JULIO TEQ 1942 80 YRC,DIAGEO SPIRITS,SPIRITS,TEQUILA,DON JULIO TEQ 1942,TEQUILA,Liquor Products,DON JULIO,,TEQUILA,JALISCO,MEXICO,80.00,100% BLUE AGAVE,TAWNY/BROWN,750ML,ML ,411403,ANEJO TEQUILA,DON JULIO,33084,3523553    ,TERRANEA,6610 PALO VERDES DR S STE #A,,RANCHO PALOS VERDES,CA,20,ON ,0067454500032,2789,100534,12.000,10188.00
DON JULIO TEQ ANEJO 80 70TH AN YRC,DIAGEO SPIRITS,SPIRITS,TEQUILA,DON JULIO TEQ 70TH ANN,TEQUILA,Liquor Products,DON JULIO,,TEQUILA,JALISCO,MEXICO,80.00,100% BLUE AGAVE,WHITE,750ML,ML ,411402,ANEJO TEQUILA,DON JULIO,33084,3523553    ,TERRANEA,6610 PALO VERDES DR S STE #A,,RANCHO PALOS VERDES,CA,20,ON ,0067454500082,1336,100534,7.000,2678.50
DON JULIO TEQ ANEJO 80 6/10PK,DIAGEO SPIRITS,SPIRITS,TEQUILA,DON JULIO TEQ ANEJO 80,TEQUILA,Liquor Products,DON JULIO,,TEQUILA,JALISCO,MEXICO,80.00,100% BLUE AGAVE,TAWNY/BROWN,50ML,ML ,918363,ANEJO TEQUILA,DON JULIO,33084,3523553    ,TERRANEA,6610 PALO VERDES DR S STE #A,,RANCHO PALOS VERDES,CA,20,ON ,0067454500007,2852,100534,2.000,548.40
DON JULIO TEQ BLANCO 80 6/10PK,DIAGEO SPIRITS,SPIRITS,TEQUILA,DON JULIO TEQ BLANCO,TEQUILA,Liquor Products,DON JULIO,,TEQUILA,JALISCO,MEXICO,80.00,100% BLUE AGAVE,WHITE,50ML,ML ,918371,SILVER / PLATA TEQUILA,DON JULIO,33084,3523553    ,TERRANEA,6610 PALO VERDES DR S STE #A,,RANCHO PALOS VERDES,CA,20,ON ,0067454500002,2870,100534,1.000,218.80
DICKEL RYE WHISKY 90,DIAGEO SPIRITS,SPIRITS,STRAIGHT RYE WHISKY,GEORGE DICKEL RYE,WHISKEY DOMESTIC,Liquor Products,GEORGE DICKEL,,DNA--TENNESSEE,TENNESSEE,UNITED STATES,90.00,RYE,TAWNY/BROWN,1.0L,LT ,328820,RYE WHISKEY,GEORGE DICKEL,33084,3523553    ,TERRANEA,6610 PALO VERDES DR S STE #A,,RANCHO PALOS VERDES,CA,20,ON ,0008200075946,2108,100534,12.000,2669.00
DICKEL RYE WHISKY 90,DIAGEO SPIRITS,SPIRITS,STRAIGHT RYE WHISKY,GEORGE DICKEL RYE,WHISKEY DOMESTIC,Liquor Products,GEORGE DICKEL,,DNA--TENNESSEE,TENNESSEE,UNITED STATES,90.00,RYE,TAWNY/BROWN,750ML,ML ,384691,RYE WHISKEY,GEORGE DICKEL,33084,3523553    ,TERRANEA,6610 PALO VERDES DR S STE #A,,RANCHO PALOS VERDES,CA,20,ON ,0008200075945,2108,100534,2.000,444.00
JOHNNIE WALKER BLACK 80 BAR,DIAGEO SPIRITS,SPIRITS,SCOTCH,J WALKER BLACK,WHISKEY IMPORTED,Liquor Products,JOHNNIE WALKER LOWER MARQUES,,DNA--SCOTLAND,SCOTLAND,UNITED KINGDOM,80.00,BLEND-GRAINS,TAWNY/BROWN,1.0L,LT ,24672,BLENDED SCOTCH,JOHNNIE WALKER,33084,3523553    ,TERRANEA,6610 PALO VERDES DR S STE #A,,RANCHO PALOS VERDES,CA,20,ON ,0008811001140,152,100534,30.000,13938.00
JOHNNIE WALKER BLUE 80,DIAGEO SPIRITS,SPIRITS,SCOTCH,J WALKER BLUE,WHISKEY IMPORTED,Liquor Products,JOHNNIE WALKER HIGHER MARQUES,,DNA--SCOTLAND,SCOTLAND,UNITED KINGDOM,80.00,BLEND-GRAINS,TAWNY/BROWN,750ML,ML ,402745,BLENDED SCOTCH,JOHNNIE WALKER,33084,3523553    ,TERRANEA,6610 PALO VERDES DR S STE #A,,RANCHO PALOS VERDES,CA,20,ON ,0008811007005,2746,100534,1.000,1185.50
KETEL ONE VOD BOTANIC CUC&MINT 60,DIAGEO SPIRITS,SPIRITS,VODKA,KETEL ONE,VODKA IMPORTED,Liquor Products,KETEL ONE VODKA FLAVORS,BLEND-BOTANICALS,DNA--HOLLAND,HOLLAND,NETHERLANDS,60.00,WHEAT,WHITE,1.0L,LT ,906629,VODKA IMPORTED,KETEL ONE VODKA,33084,3523553    ,TERRANEA,6610 PALO VERDES DR S STE #A,,RANCHO PALOS VERDES,CA,20,ON ,0008515681000,4233,100534,16.166,5281.90
KETEL ONE VOD BOTANIC GRAPEF ROS60,DIAGEO SPIRITS,SPIRITS,VODKA,KETEL ONE,VODKA IMPORTED,Liquor Products,KETEL ONE VODKA FLAVORS,BLEND-BOTANICALS,DNA--HOLLAND,HOLLAND,NETHERLANDS,60.00,WHEAT,WHITE,1.0L,LT ,904688,VODKA IMPORTED,KETEL ONE VODKA,33084,3523553    ,TERRANEA,6610 PALO VERDES DR S STE #A,,RANCHO PALOS VERDES,CA,20,ON ,0008515671000,4233,100534,4.000,1296.00
KETEL ONE VOD BOTANIC PEAC OR BL60,DIAGEO SPIRITS,SPIRITS,VODKA,KETEL ONE,VODKA IMPORTED,Liquor Products,KETEL ONE VODKA FLAVORS,BLEND-BOTANICALS,DNA--HOLLAND,HOLLAND,NETHERLANDS,60.00,WHEAT,WHITE,1.0L,LT ,904689,VODKA IMPORTED,KETEL ONE VODKA,33084,3523553    ,TERRANEA,6610 PALO VERDES DR S STE #A,,RANCHO PALOS VERDES,CA,20,ON ,0008515661000,4233,100534,20.166,6559.50
KETEL ONE VODKA 80,DIAGEO SPIRITS,SPIRITS,VODKA,KETEL ONE,VODKA IMPORTED,Liquor Products,KETEL ONE VODKA,,DNA--HOLLAND,HOLLAND,NETHERLANDS,80.00,WHEAT,WHITE,1.0L,LT ,36126,VODKA IMPORTED,KETEL ONE VODKA,33084,3523553    ,TERRANEA,6610 PALO VERDES DR S STE #A,,RANCHO PALOS VERDES,CA,20,ON ,0008515661041,4233,100534,198.000,64834.75
KETEL ONE VODKA CITROEN 80,DIAGEO SPIRITS,SPIRITS,VODKA,KETEL ONE CITROEN,VODKA IMPORTED,Liquor Products,KETEL ONE VODKA FLAVORS,CITRUS,DNA--HOLLAND,HOLLAND,NETHERLANDS,80.00,WHEAT,WHITE,1.0L,LT ,97617,FLAVORED VODKA IMPORTED,KETEL ONE VODKA,33084,3523553    ,TERRANEA,6610 PALO VERDES DR S STE #A,,RANCHO PALOS VERDES,CA,20,ON ,0008515601000,4235,100534,6.000,1962.00
KETEL ONE VODKA ORANJE 80,DIAGEO SPIRITS,SPIRITS,VODKA,KETEL ONE ORANJE,VODKA IMPORTED,Liquor Products,KETEL ONE VODKA FLAVORS,ORANGE,DNA--HOLLAND,HOLLAND,NETHERLANDS,80.00,WHEAT,WHITE,1.0L,LT ,290887,FLAVORED VODKA IMPORTED,KETEL ONE VODKA,33084,3523553    ,TERRANEA,6610 PALO VERDES DR S STE #A,,RANCHO PALOS VERDES,CA,20,ON ,0008515641000,669,100534,14.000,4536.00
KIKORI WHISKEY THE WOODSMAN 82,DIAGEO SPIRITS,SPIRITS,DISTILLED SPIRIT SPECIALTY,KIKORI WHISKEY 82,WHISKEY IMPORTED,Liquor Products,KIKORI,,DNA--JAPAN,DNA--JAPAN,JAPAN,82.00,,TAWNY/BROWN,750ML,ML ,399844,JAPANESE WHISKEY,KIKORI,33084,3523553    ,TERRANEA,6610 PALO VERDES DR S STE #A,,RANCHO PALOS VERDES,CA,20,ON ,0085136200600,3884,100534,23.000,3580.50
LAGAVULIN SGL MALT 16Y 86,DIAGEO SPIRITS,SPIRITS,SCOTCH,LAGAVULIN,WHISKEY IMPORTED,Liquor Products,LAGAVULIN,,DNA--ISLAY,SCOTLAND,UNITED KINGDOM,86.00,BARLEY,TAWNY/BROWN,750ML,ML ,28279,SINGLE MALTS,SINGLE MALTS,33084,3523553    ,TERRANEA,6610 PALO VERDES DR S STE #A,,RANCHO PALOS VERDES,CA,20,ON ,0008811014005,3153,100534,1.995,2214.42
NOLETS SILVER DRY GIN 95.2,DIAGEO SPIRITS,SPIRITS,GIN,NOLET'S DRY GIN,GIN IMPORTED,Liquor Products,NOLETS,BLEND-BOTANICALS,DNA--HOLLAND,HOLLAND,NETHERLANDS,95.20,BLEND-GRAINS,WHITE,750ML,ML ,300490,NONE,NOLETS,33084,3523553    ,TERRANEA,6610 PALO VERDES DR S STE #A,,RANCHO PALOS VERDES,CA,20,ON ,0089784500200,141,100534,13.000,1482.00
OBAN SGL MALT 14Y 86,DIAGEO SPIRITS,SPIRITS,SCOTCH,OBAN,WHISKEY IMPORTED,Liquor Products,OBAN,,DNA--HIGHLANDS,SCOTLAND,UNITED KINGDOM,86.00,BARLEY,TAWNY/BROWN,750ML,ML ,20965,SINGLE MALTS,SINGLE MALTS,33084,3523553    ,TERRANEA,6610 PALO VERDES DR S STE #A,,RANCHO PALOS VERDES,CA,20,ON ,0008811016005,3154,100534,5.000,4412.73
PIMMS CUP 50,DIAGEO SPIRITS,SPIRITS,CORDIALS/LIQUORS,PIMMS CUP,CORDIALS IMPORTED,Liquor Products,PIMMS CUP,BLEND-PROPRIETARY,DNA--ENGLAND,ENGLAND,UNITED KINGDOM,50.00,,RED,1.0L,LT ,31129,FLAVORED CORDIAL IMPORTED,PIMMS CUP,33084,3523553    ,TERRANEA,6610 PALO VERDES DR S STE #A,,RANCHO PALOS VERDES,CA,20,ON ,0008800414353,3920,100534,1.000,291.00
RON ZACAPA RUM CENT 23YR 80,DIAGEO SPIRITS,SPIRITS,RUM,RON ZACAPA,RUM IMPORTED,Liquor Products,ZACAPA RUM,,DNA--GUATEMALA,DNA--GUATEMALA,GUATEMALA,80.00,,TAWNY/BROWN,750ML,ML ,401463,ESTATE BOTTLED RUM,ZACAPA RUM,33084,3523553    ,TERRANEA,6610 PALO VERDES DR S STE #A,,RANCHO PALOS VERDES,CA,20,ON ,0069901300055,2806,100534,1.000,249.00
SEAGRAMS 7 CROWN 80,DIAGEO SPIRITS,SPIRITS,AMERICAN BLEND,SEAGRAM 7,WHISKEY DOMESTIC,Liquor Products,SEAGRAMS SEVEN CROWN,,DNA--UNITED STATES,DNA--UNITED STATES,UNITED STATES,80.00,BLEND-GRAINS,TAWNY/BROWN,1.0L,LT ,3001,BLENDED WHISKEY,SEAGRAMS SEVEN CROWN,33084,3523553    ,TERRANEA,6610 PALO VERDES DR S STE #A,,RANCHO PALOS VERDES,CA,20,ON ,0008700000732,3637,100534,1.000,182.25
TANQUERAY GIN 94.6,DIAGEO SPIRITS,SPIRITS,GIN,TANQUERAY GIN,GIN IMPORTED,Liquor Products,TANQUERAY GIN,BLEND-BOTANICALS,DNA--ENGLAND,ENGLAND,UNITED KINGDOM,94.60,BLEND-GRAINS,WHITE,750ML,ML ,278244,NONE,TANQUERAY GIN,33084,3523553    ,TERRANEA,6610 PALO VERDES DR S STE #A,,RANCHO PALOS VERDES,CA,20,ON ,0008811011030,158,100534,3.000,747.00
TANQUERAY GIN 94.6,DIAGEO SPIRITS,SPIRITS,GIN,TANQUERAY GIN,GIN IMPORTED,Liquor Products,TANQUERAY GIN,BLEND-BOTANICALS,DNA--ENGLAND,ENGLAND,UNITED KINGDOM,94.60,BLEND-GRAINS,WHITE,1.0L,LT ,637122,NONE,TANQUERAY GIN,33084,3523553    ,TERRANEA,6610 PALO VERDES DR S STE #A,,RANCHO PALOS VERDES,CA,20,ON ,0008811011040,158,100534,2.000,636.00
TANQUERAY GIN 94.6,DIAGEO SPIRITS,SPIRITS,GIN,TANQUERAY GIN,GIN IMPORTED,Liquor Products,TANQUERAY GIN,BLEND-BOTANICALS,DNA--ENGLAND,ENGLAND,UNITED KINGDOM,94.60,BLEND-GRAINS,WHITE,1.0L,LT ,278078,NONE,TANQUERAY GIN,33084,3523553    ,TERRANEA,6610 PALO VERDES DR S STE #A,,RANCHO PALOS VERDES,CA,20,ON ,0008811011040,158,100534,28.000,8688.00
TANQUERAY GIN NO TEN 94.6,DIAGEO SPIRITS,SPIRITS,GIN,TANQUERAY NUMBER 10,GIN IMPORTED,Liquor Products,TANQUERAY GIN,BLEND-BOTANICALS,DNA--ENGLAND,ENGLAND,UNITED KINGDOM,94.60,BLEND-GRAINS,WHITE,1.0L,LT ,355661,NONE,TANQUERAY GIN,33084,3523553    ,TERRANEA,6610 PALO VERDES DR S STE #A,,RANCHO PALOS VERDES,CA,20,ON ,0008811015859,157,100534,23.000,9001.00
TANQUERAY GIN NO TEN 94.6,DIAGEO SPIRITS,SPIRITS,GIN,TANQUERAY NUMBER 10,GIN IMPORTED,Liquor Products,TANQUERAY GIN,BLEND-BOTANICALS,DNA--ENGLAND,ENGLAND,UNITED KINGDOM,94.60,BLEND-GRAINS,WHITE,750ML,ML ,352845,NONE,TANQUERAY GIN,33084,3523553    ,TERRANEA,6610 PALO VERDES DR S STE #A,,RANCHO PALOS VERDES,CA,20,ON ,0008811015860,157,100534,3.000,1011.00
TANQUERAY GIN NO TEN 94.6,DIAGEO SPIRITS,SPIRITS,GIN,TANQUERAY NUMBER 10,GIN IMPORTED,Liquor Products,TANQUERAY GIN,BLEND-BOTANICALS,DNA--ENGLAND,ENGLAND,UNITED KINGDOM,94.60,BLEND-GRAINS,WHITE,1.75L,LT ,398318,NONE,TANQUERAY GIN,33084,3523553    ,TERRANEA,6610 PALO VERDES DR S STE #A,,RANCHO PALOS VERDES,CA,20,ON ,0008807616338,157,100534,0.000,0.00
YUZURI YUZU LIQUEUR 60.6,DIAGEO SPIRITS,SPIRITS,CORDIALS/LIQUORS,YUZURI YUZU,CORDIALS IMPORTED,Liquor Products,YUZURI,CITRUS,DNA--JAPAN,DNA--JAPAN,JAPAN,60.60,,YELLOW,750ML,ML ,992434,FLAVORED CORDIAL IMPORTED,YUZURI,33084,3523553    ,TERRANEA,6610 PALO VERDES DR S STE #A,,RANCHO PALOS VERDES,CA,20,ON ,0085136200601,5617,100534,30.001,4464.00
SANDEMAN PORT TAWNY 20YR,EVATON INC,WINE,PORT,SANDEMAN PORT,PORTS IMPORTED,Wine & Wine Coolers,SANDEMAN,,PORTO,NORTE,PORTUGAL,0.00,BLEND-PORT,TAWNY/BROWN,750ML,ML ,947188,TAWNY IMPORTED,SANDEMAN,33084,3523553    ,TERRANEA,6610 PALO VERDES DR S STE #A,,RANCHO PALOS VERDES,CA,20,ON ,0008043290014,42322,103281,1.000,249.00
SANDEMAN PORT TAWNY 30YR,EVATON INC,WINE,PORT,SANDEMAN PORT,PORTS IMPORTED,Wine & Wine Coolers,SANDEMAN,,PORTO,NORTE,PORTUGAL,0.00,BLEND-PORT,TAWNY/BROWN,750ML,ML ,447319,TAWNY IMPORTED,SANDEMAN,33084,3523553    ,TERRANEA,6610 PALO VERDES DR S STE #A,,RANCHO PALOS VERDES,CA,20,ON ,0008043290073,42322,103281,2.831,1325.20
SANDEMAN PORT TAWNY 40YR,EVATON INC,WINE,PORT,SANDEMAN PORT,PORTS IMPORTED,Wine & Wine Coolers,SANDEMAN,,PORTO,NORTE,PORTUGAL,0.00,BLEND-PORT,TAWNY/BROWN,750ML,ML ,447320,TAWNY IMPORTED,SANDEMAN,33084,3523553    ,TERRANEA,6610 PALO VERDES DR S STE #A,,RANCHO PALOS VERDES,CA,20,ON ,0008043290026,42322,103281,1.000,708.00
CHARTREUSE GREEN 110,FREDERICK WILDMAN & SONS,SPIRITS,CORDIALS/LIQUORS,CHARTREUSE,CORDIALS IMPORTED,Liquor Products,FW FINE WINE SPIRITS,BLEND-PROPRIETARY,DNA--FRANCE,DNA--FRANCE,FRANCE,110.00,,GREEN,750ML,ML ,31660,FLAVORED CORDIAL IMPORTED,FREDERICK WILDMAN FINE WINE,33084,3523553    ,TERRANEA,6610 PALO VERDES DR S STE #A,,RANCHO PALOS VERDES,CA,20,ON ,0008974432961,531,100224,2.916,1763.40
CHARTREUSE YELLOW 86,FREDERICK WILDMAN & SONS,SPIRITS,CORDIALS/LIQUORS,CHARTREUSE,CORDIALS IMPORTED,Liquor Products,FW FINE WINE SPIRITS,BLEND-PROPRIETARY,DNA--FRANCE,DNA--FRANCE,FRANCE,86.00,,YELLOW,750ML,ML ,932469,FLAVORED CORDIAL IMPORTED,FREDERICK WILDMAN FINE WINE,33084,3523553    ,TERRANEA,6610 PALO VERDES DR S STE #A,,RANCHO PALOS VERDES,CA,20,ON ,0008974432956,531,100224,0.250,156.60
ALFRED GRATIEN BRUT,FREIXENET MIONETTO USA,WINE,SPARKLING WINE,ALFRED GRATIEN,SPARKLING WINE IMPORTED,Wine & Wine Coolers,ALFRED GRATIEN,,CHAMPAGNE,CHAMPAGNE,FRANCE,0.00,BLEND-CHAMPAGNE,WHITE,375ML,ML ,385173,FRENCH SPARKLING,FXM ESSENCE,33084,3523553    ,TERRANEA,6610 PALO VERDES DR S STE #A,,RANCHO PALOS VERDES,CA,20,ON ,0081625301100,82069,103647,19.916,4660.50
SCHLOSS JOHANNISBERG GELBLACK 18,FREIXENET MIONETTO USA,WINE,WHITE WINE,SCHLOSS,GERMANY,Wine & Wine Coolers,SCHLOSS JOHAN,,DNA--RHEINGAU,RHEINGAU,GERMANY,0.00,RIESLING,WHITE,750ML,ML ,946489,GERMANY ALL REGIONS,FXM ESSENCE,33084,3523553    ,TERRANEA,6610 PALO VERDES DR S STE #A,,RANCHO PALOS VERDES,CA,20,ON ,0081836900202,2475,103647,1.000,135.00
SCHLOSS JOHANNISBERG GELBLACK 19,FREIXENET MIONETTO USA,WINE,WHITE WINE,SCHLOSS,GERMANY,Wine & Wine Coolers,SCHLOSS JOHAN,,DNA--RHEINGAU,RHEINGAU,GERMANY,0.00,RIESLING,WHITE,750ML,ML ,569189,GERMANY ALL REGIONS,FXM ESSENCE,33084,3523553    ,TERRANEA,6610 PALO VERDES DR S STE #A,,RANCHO PALOS VERDES,CA,20,ON ,0081836900202,2475,103647,0.000,0.00
CH D'YQUEM 16 SAUTERNES        FOV,FRUIT OF THE VINES INC,WINE,WHITE WINE,BORDEAUX/FRUIT OF THE VINES,FRENCH WINE,Wine & Wine Coolers,CHATEAU D'YQUEM (FOV),,SAUTERNES,BORDEAUX,FRANCE,0.00,BLEND-BORDEAUX SEMILLON BASED,WHITE,375ML,ML ,925927,BORDEAUX WHITE,CHATEAU D'YQUEM (FOV),33084,3523553    ,TERRANEA,6610 PALO VERDES DR S STE #A,,RANCHO PALOS VERDES,CA,20,ON ,0000000000000,2482,106037,1.000,1392.00
LUXARDO MARASCHINO LIQ 64,HOTALING & CO LLC,SPIRITS,CORDIALS/LIQUORS,LUXARDO LIQUEURS,CORDIALS IMPORTED,Liquor Products,LUXARDO SPIRITS,CHERRY,DNA--VENETO,VENETO,ITALY,64.00,CHERRY,WHITE,750ML,ML ,17257,FLAVORED CORDIAL IMPORTED,HOTALING PRIORITY AGENCY,33084,3523553    ,TERRANEA,6610 PALO VERDES DR S STE #A,,RANCHO PALOS VERDES,CA,20,ON ,0008689102623,1731,100414,3.000,1008.00
LUXARDO TRIPLUM TRI SEC ORANGE 78,HOTALING & CO LLC,SPIRITS,CORDIALS/LIQUORS,LUXARDO LIQUEURS,CORDIALS IMPORTED,Liquor Products,LUXARDO SPIRITS,ORANGE,DNA--VENETO,VENETO,ITALY,78.00,,WHITE,1.0L,LT ,298120,FLAVORED CORDIAL IMPORTED,HOTALING PRIORITY AGENCY,33084,3523553    ,TERRANEA,6610 PALO VERDES DR S STE #A,,RANCHO PALOS VERDES,CA,20,ON ,0008722912711,1731,100414,3.000,900.00
NIKKA WHISKY COFFEY GRAIN 90,HOTALING & CO LLC,SPIRITS,DISTILLED SPIRIT SPECIALTY,NIKKA,WHISKEY IMPORTED,Liquor Products,NIKKA,,DNA--JAPAN,DNA--JAPAN,JAPAN,90.00,BLEND-GRAINS,TAWNY/BROWN,750ML,ML ,344510,JAPANESE WHISKEY,HOTALING PRIORITY AGENCY,33084,3523553    ,TERRANEA,6610 PALO VERDES DR S STE #A,,RANCHO PALOS VERDES,CA,20,ON ,0490423003357,2065,100414,8.000,2438.02
CASA MAGDALENA RUM BLANCO 82.5,HOUSE SPIRITS DIST/PARK STREET,SPIRITS,RUM,CASA MAGDALENA,RUM IMPORTED,Liquor Products,CASA MAGDALENA,,DNA--GUATEMALA,DNA--GUATEMALA,GUATEMALA,82.50,,WHITE,750ML,ML ,479757,LIGHT RUM IMPORTED,CASA MAGDALENA,33084,3523553    ,TERRANEA,6610 PALO VERDES DR S STE #A,,RANCHO PALOS VERDES,CA,20,ON ,0085350700004,5537,106812,68.001,5664.00
QUINTESSA 19,HUNEEUS WINES LLC,WINE,RED WINE,QUINTESSA,CA - NAPA,Wine & Wine Coolers,QUINTESSA,,RUTHERFORD,CALIFORNIA,UNITED STATES,0.00,BLEND-BORDEAUX CABERNET BASED,RED,750ML,ML ,559460,RUTHERFORD,QUINTESSA,33084,3523553    ,TERRANEA,6610 PALO VERDES DR S STE #A,,RANCHO PALOS VERDES,CA,20,ON ,0008308500102,42087,103705,2.000,2070.00
DEKUYPER CREME DE COCOA DARK 48,JIM BEAM BRANDS CO,SPIRITS,CORDIALS/LIQUORS,DEKUYPER CREMES,CORDIALS DOMESTIC,Liquor Products,DEKUYPER,CHOCOLATE,DNA--UNITED STATES,DNA--UNITED STATES,UNITED STATES,48.00,,TAWNY/BROWN,1.0L,LT ,157625,FLAVORED CORDIAL DOMESTIC,BSI ALL OTHER,33084,3523553    ,TERRANEA,6610 PALO VERDES DR S STE #A,,RANCHO PALOS VERDES,CA,20,ON ,0008068632001,4248,100285,2.000,220.00
DEKUYPER CURACAO BLUE 48,JIM BEAM BRANDS CO,SPIRITS,CORDIALS/LIQUORS,DEKUYPER CREMES,CORDIALS DOMESTIC,Liquor Products,DEKUYPER,ORANGE,DNA--UNITED STATES,DNA--UNITED STATES,UNITED STATES,48.00,,BLUE,1.0L,LT ,157604,FLAVORED CORDIAL DOMESTIC,BSI ALL OTHER,33084,3523553    ,TERRANEA,6610 PALO VERDES DR S STE #A,,RANCHO PALOS VERDES,CA,20,ON ,0008068631601,4248,100285,0.750,105.03
DEKUYPER PUCKER SOUR APPLE SCHN 30,JIM BEAM BRANDS CO,SPIRITS,CORDIALS/LIQUORS,DEKUYPER PUCKER,CORDIALS DOMESTIC,Liquor Products,DEKUYPER,APPLE,DNA--UNITED STATES,DNA--UNITED STATES,UNITED STATES,30.00,,GREEN,1.0L,LT ,14983,SCHNAPPS DOMESTIC,BSI ALL OTHER,33084,3523553    ,TERRANEA,6610 PALO VERDES DR S STE #A,,RANCHO PALOS VERDES,CA,20,ON ,0008068639520,4252,100285,2.000,203.00
DEKUYPER PEACHTREE SCHN 30,JIM BEAM BRANDS CO,SPIRITS,CORDIALS/LIQUORS,DEKUYPER SCHNAPPS,CORDIALS DOMESTIC,Liquor Products,DEKUYPER,PEACH,DNA--UNITED STATES,DNA--UNITED STATES,UNITED STATES,30.00,,WHITE,1.0L,LT ,25213,SCHNAPPS DOMESTIC,BSI ALL OTHER,33084,3523553    ,TERRANEA,6610 PALO VERDES DR S STE #A,,RANCHO PALOS VERDES,CA,20,ON ,0008068636520,4254,100285,11.000,1077.68
DEKUYPER PEACHTREE SCHN 30,JIM BEAM BRANDS CO,SPIRITS,CORDIALS/LIQUORS,DEKUYPER SCHNAPPS,CORDIALS DOMESTIC,Liquor Products,DEKUYPER,PEACH,DNA--UNITED STATES,DNA--UNITED STATES,UNITED STATES,30.00,,WHITE,750ML,ML ,25214,SCHNAPPS DOMESTIC,BSI ALL OTHER,33084,3523553    ,TERRANEA,6610 PALO VERDES DR S STE #A,,RANCHO PALOS VERDES,CA,20,ON ,0008068636540,4254,100285,1.000,112.37
DEKUYPER TRIPLE SEC 30,JIM BEAM BRANDS CO,SPIRITS,CORDIALS/LIQUORS,DEKUYPER TRIPLE SEC,CORDIALS DOMESTIC,Liquor Products,DEKUYPER,ORANGE,DNA--UNITED STATES,DNA--UNITED STATES,UNITED STATES,30.00,,WHITE,1.0L,LT ,33497,TRIPLE SEC DOMESTIC,BSI ALL OTHER,33084,3523553    ,TERRANEA,6610 PALO VERDES DR S STE #A,,RANCHO PALOS VERDES,CA,20,ON ,0008068638120,4258,100285,150.000,9075.00
EL TESORO TEQ EX ANEJO 80,JIM BEAM BRANDS CO,SPIRITS,TEQUILA,EL TESORO TEQ ANEJO,TEQUILA,Liquor Products,EL TESORO,,TEQUILA,JALISCO,MEXICO,80.00,100% BLUE AGAVE,TAWNY/BROWN,750ML,ML ,950033,,BSI PREM PLUS TEQ HOS,33084,3523553    ,TERRANEA,6610 PALO VERDES DR S STE #A,,RANCHO PALOS VERDES,CA,20,ON ,0008068676104,4269,100285,1.000,539.96
SUNTORY HAKUSHU JAPAN WHISKY 12Y86,JIM BEAM BRANDS CO,SPIRITS,DISTILLED SPIRIT SPECIALTY,HAKUSHU,WHISKEY IMPORTED,Liquor Products,HAKUSHU,,DNA--JAPAN,DNA--JAPAN,JAPAN,86.00,BARLEY,TAWNY/BROWN,750ML,ML ,168823,JAPANESE WHISKEY,BSI ALL OTHER,33084,3523553    ,TERRANEA,6610 PALO VERDES DR S STE #A,,RANCHO PALOS VERDES,CA,20,ON ,0008885700181,1919,100285,0.415,696.75
HIBIKI WHISKY JAPANESE HARMONY 86,JIM BEAM BRANDS CO,SPIRITS,DISTILLED SPIRIT SPECIALTY,HIBIKI HARMONY,WHISKEY IMPORTED,Liquor Products,HIBIKI,,DNA--JAPAN,DNA--JAPAN,JAPAN,86.00,BLEND-GRAINS,TAWNY/BROWN,750ML,ML ,389170,JAPANESE WHISKEY,BSI ALL OTHER,33084,3523553    ,TERRANEA,6610 PALO VERDES DR S STE #A,,RANCHO PALOS VERDES,CA,20,ON ,0008068693405,4984,100285,12.000,4696.80
KNOB CREEK RYE 100,JIM BEAM BRANDS CO,SPIRITS,STRAIGHT RYE WHISKY,KNOB CREEK RYE,WHISKEY DOMESTIC,Liquor Products,KNOB CREEK,,DNA--KENTUCKY,KENTUCKY,UNITED STATES,100.00,RYE,TAWNY/BROWN,1.0L,LT ,526256,RYE WHISKEY,BSI PREM PLUS AM WHISKEY,33084,3523553    ,TERRANEA,6610 PALO VERDES DR S STE #A,,RANCHO PALOS VERDES,CA,20,ON ,0008068601688,4280,100285,5.000,945.00
LAPHROAIG SCO SMALT 10YR 86,JIM BEAM BRANDS CO,SPIRITS,SCOTCH,LAPHROAIG SMALT 10YR,WHISKEY IMPORTED,Liquor Products,LAPHROAIG,,DNA--ISLAY,SCOTLAND,UNITED KINGDOM,86.00,BARLEY,TAWNY/BROWN,750ML,ML ,631029,SINGLE MALTS,BSI ALL OTHER,33084,3523553    ,TERRANEA,6610 PALO VERDES DR S STE #A,,RANCHO PALOS VERDES,CA,20,ON ,0008068681301,4986,100285,0.581,334.46
LAPHROAIG SCO SMALT 10YR 86,JIM BEAM BRANDS CO,SPIRITS,SCOTCH,LAPHROAIG SMALT 10YR,WHISKEY IMPORTED,Liquor Products,LAPHROAIG,,DNA--ISLAY,SCOTLAND,UNITED KINGDOM,86.00,BARLEY,TAWNY/BROWN,750ML,ML ,9994,SINGLE MALTS,BSI ALL OTHER,33084,3523553    ,TERRANEA,6610 PALO VERDES DR S STE #A,,RANCHO PALOS VERDES,CA,20,ON ,0008068681301,4986,100285,2.075,1192.50
MAKERS MARK BBN 90,JIM BEAM BRANDS CO,SPIRITS,BOURBON,MAKER'S MARK BBN,WHISKEY DOMESTIC,Liquor Products,MAKERS MARK,,DNA--KENTUCKY,KENTUCKY,UNITED STATES,90.00,BLEND-GRAINS,TAWNY/BROWN,1.0L,LT ,9998,BOURBON,BSI PREM PLUS AM WHISKEY,33084,3523553    ,TERRANEA,6610 PALO VERDES DR S STE #A,,RANCHO PALOS VERDES,CA,20,ON ,0008524613942,298,100285,55.000,20130.00
MIDORI MELON LIQ 40,JIM BEAM BRANDS CO,SPIRITS,CORDIALS/LIQUORS,MIDORI LIQUEUR,CORDIALS IMPORTED,Liquor Products,MIDORI,MELON,DNA--MEXICO,DNA--MEXICO,MEXICO,40.00,,GREEN,750ML,ML ,163874,FLAVORED CORDIAL IMPORTED,BSI ALL OTHER,33084,3523553    ,TERRANEA,6610 PALO VERDES DR S STE #A,,RANCHO PALOS VERDES,CA,20,ON ,0008885700330,300,100285,0.083,19.33
MIDORI MELON LIQ 40,JIM BEAM BRANDS CO,SPIRITS,CORDIALS/LIQUORS,MIDORI LIQUEUR,CORDIALS IMPORTED,Liquor Products,MIDORI,MELON,DNA--MEXICO,DNA--MEXICO,MEXICO,40.00,,GREEN,1.0L,LT ,284690,FLAVORED CORDIAL IMPORTED,BSI ALL OTHER,33084,3523553    ,TERRANEA,6610 PALO VERDES DR S STE #A,,RANCHO PALOS VERDES,CA,20,ON ,0008885700337,300,100285,4.000,488.00
PINNACLE VOD RASPBERRY 60,JIM BEAM BRANDS CO,SPIRITS,VODKA,PINNACLE VOD RASPBERRY,VODKA IMPORTED,Liquor Products,PINNACLE VODKA,RASPBERRY,DNA--FRANCE,DNA--FRANCE,FRANCE,60.00,WHEAT,WHITE,1.0L,LT ,962353,FLAVORED VODKA IMPORTED,BSI ALL OTHER,33084,3523553    ,TERRANEA,6610 PALO VERDES DR S STE #A,,RANCHO PALOS VERDES,CA,20,ON ,0008068692956,4329,100285,1.000,105.76
HORNITOS TEQ REPOSADO 80,JIM BEAM BRANDS CO,SPIRITS,TEQUILA,SAUZA HORNITOS REPOSADO,TEQUILA,Liquor Products,HORNITOS TEQUILA,,TEQUILA,JALISCO,MEXICO,80.00,100% BLUE AGAVE,TAWNY/BROWN,1.0L,LT ,962448,REPOSADO TEQUILA,BSI PREM PLUS TEQ HOS,33084,3523553    ,TERRANEA,6610 PALO VERDES DR S STE #A,,RANCHO PALOS VERDES,CA,20,ON ,0008068683501,4368,100285,0.000,0.00
SUNTORY WHISKY TOKI 86,JIM BEAM BRANDS CO,SPIRITS,DISTILLED SPIRIT SPECIALTY,SUNTORY WHISKEYS,WHISKEY IMPORTED,Liquor Products,HOUSE OF SUNTORY,,DNA--JAPAN,DNA--JAPAN,JAPAN,86.00,BLEND-GRAINS,TAWNY/BROWN,750ML,ML ,412171,JAPANESE WHISKEY,BSI PREM PLUS TEQ HOS,33084,3523553    ,TERRANEA,6610 PALO VERDES DR S STE #A,,RANCHO PALOS VERDES,CA,20,ON ,0008068695701,306,100285,13.000,2081.69
SUNTORY WHISKEY YAMAZAKI MALT 86,JIM BEAM BRANDS CO,SPIRITS,DISTILLED SPIRIT SPECIALTY,YAMAZAKI,WHISKEY IMPORTED,Liquor Products,YAMAZAKI,,DNA--JAPAN,DNA--JAPAN,JAPAN,86.00,BARLEY,TAWNY/BROWN,750ML,ML ,10761,JAPANESE WHISKEY,BSI ALL OTHER,33084,3523553    ,TERRANEA,6610 PALO VERDES DR S STE #A,,RANCHO PALOS VERDES,CA,20,ON ,0008885700161,4387,100285,0.748,1209.71
JORDAN CAB SAUV ALEXANDER VLY 18,JORDAN VINEYARD & WINERY,WINE,RED WINE,JORDAN CAB,CA - SONOMA,Wine & Wine Coolers,JORDAN CAB,,ALEXANDER VALLEY,CALIFORNIA,UNITED STATES,0.00,CABERNET SAUVIGNON,RED,750ML,ML ,547503,ALEXANDER VALLEY,JORDAN,33084,3523553    ,TERRANEA,6610 PALO VERDES DR S STE #A,,RANCHO PALOS VERDES,CA,20,ON ,0008444410018,42675,100289,8.000,4224.00
RODNEY STRONG CAB SAUV BROTHERS 16,KFI DBA RODNEY STRONG VYDS,WINE,RED WINE,RODNEY STRONG BROTHERS CAB SAU,CA - SONOMA,Wine & Wine Coolers,RSWE RESERVE/SINGLE/SYMM,,ALEXANDER VALLEY,CALIFORNIA,UNITED STATES,0.00,CABERNET SAUVIGNON,RED,750ML,ML ,514019,ALEXANDER VALLEY,RODNEY STRONG,33084,3523553    ,TERRANEA,6610 PALO VERDES DR S STE #A,,RANCHO PALOS VERDES,CA,20,ON ,0008751209025,4405,100301,2.000,420.00
RODNEY STRONG CAB SAUV ROCKAWAY 14,KFI DBA RODNEY STRONG VYDS,WINE,RED WINE,RODNEY STRONG ROCKAWAY CAB SAU,CA - SONOMA,Wine & Wine Coolers,RSWE RESERVE/SINGLE/SYMM,,ALEXANDER VALLEY,CALIFORNIA,UNITED STATES,0.00,CABERNET SAUVIGNON,RED,750ML,ML ,477692,ALEXANDER VALLEY,RODNEY STRONG,33084,3523553    ,TERRANEA,6610 PALO VERDES DR S STE #A,,RANCHO PALOS VERDES,CA,20,ON ,0008751209012,4421,100301,1.000,210.00
RODNEY STRONG CAB SAUV ROCKAWAY 15,KFI DBA RODNEY STRONG VYDS,WINE,RED WINE,RODNEY STRONG ROCKAWAY CAB SAU,CA - SONOMA,Wine & Wine Coolers,RSWE RESERVE/SINGLE/SYMM,,ALEXANDER VALLEY,CALIFORNIA,UNITED STATES,0.00,CABERNET SAUVIGNON,RED,750ML,ML ,921574,ALEXANDER VALLEY,RODNEY STRONG,33084,3523553    ,TERRANEA,6610 PALO VERDES DR S STE #A,,RANCHO PALOS VERDES,CA,20,ON ,0008751209012,4421,100301,2.000,420.00
PLANTATION RUM ORIG DARK 80,MAISON FERRAND USA,SPIRITS,RUM,PLANTATION RUM,RUM IMPORTED,Liquor Products,PLANTATION,,DNA--BARBADOS,DNA--BARBADOS,BARBADOS,80.00,,TAWNY/BROWN,1.0L,LT ,467733,DARK RUM IMPORTED,PLANTATION,33084,3523553    ,TERRANEA,6610 PALO VERDES DR S STE #A,,RANCHO PALOS VERDES,CA,20,ON ,0069552115222,2951,114864,5.000,375.00
PLANTATION RUM OVERPROOF OFTD 138,MAISON FERRAND USA,SPIRITS,RUM,PLANTATION RUM,RUM IMPORTED,Liquor Products,PLANTATION,,DNA--WEST INDIES,DNA--WEST INDIES,WEST INDIES,138.00,,TAWNY/BROWN,1.0L,LT ,433660,DARK RUM IMPORTED,PLANTATION,33084,3523553    ,TERRANEA,6610 PALO VERDES DR S STE #A,,RANCHO PALOS VERDES,CA,20,ON ,0069552115218,2951,114864,2.000,296.00
ROEDERER EST BRUT,MAISONS MARQUES & DOMAINES USA,WINE,SPARKLING WINE,ROEDERER ESTATE,SPARKLING WINE DOMESTIC,Wine & Wine Coolers,ROEDERER ESTATE,,ANDERSON VALLEY,CALIFORNIA,UNITED STATES,0.00,BLEND-CHAMPAGNE,WHITE,750ML,ML ,483235,CALIFORNIA SPARKLING,MMD DOMESTIC SPARKLING,33084,3523553    ,TERRANEA,6610 PALO VERDES DR S STE #A,,RANCHO PALOS VERDES,CA,20,ON ,0009754610200,4577,100333,1.000,234.00
TEREMANA TEQ BLANCO SB 80,MAST JAGERMEISTER US,SPIRITS,TEQUILA,TEREMANA,TEQUILA,Liquor Products,TEREMANA,,TEQUILA,JALISCO,MEXICO,80.00,100% BLUE AGAVE,WHITE,1.0L,LT ,965143,,TEREMANA,33084,3523553    ,TERRANEA,6610 PALO VERDES DR S STE #A,,RANCHO PALOS VERDES,CA,20,ON ,0085001564004,6556,100476,1.000,151.50
TEREMANA TEQ REPOSADO SB 80,MAST JAGERMEISTER US,SPIRITS,TEQUILA,TEREMANA,TEQUILA,Liquor Products,TEREMANA,,TEQUILA,JALISCO,MEXICO,80.00,100% BLUE AGAVE,TAWNY/BROWN,1.0L,LT ,965144,,TEREMANA,33084,3523553    ,TERRANEA,6610 PALO VERDES DR S STE #A,,RANCHO PALOS VERDES,CA,20,ON ,0085001564005,6556,100476,1.000,165.00
BELVEDERE VODKA 80,MOET HENNESSY USA,SPIRITS,VODKA,BELVEDERE PURE,VODKA IMPORTED,Liquor Products,TOTAL BELVEDERE PURE,,DNA--POLAND,DNA--POLAND,POLAND,80.00,RYE,WHITE,1.0L,LT ,358711,VODKA IMPORTED,BELVEDERE,33084,3523553    ,TERRANEA,6610 PALO VERDES DR S STE #A,,RANCHO PALOS VERDES,CA,20,ON ,0008711606981,1824,100464,21.000,3657.00
BELVEDERE VODKA 80 (SC),MOET HENNESSY USA,SPIRITS,VODKA,BELVEDERE PURE,VODKA IMPORTED,Liquor Products,TOTAL BELVEDERE PURE,,DNA--POLAND,DNA--POLAND,POLAND,80.00,RYE,WHITE,750ML,ML ,123867,VODKA IMPORTED,BELVEDERE,33084,3523553    ,TERRANEA,6610 PALO VERDES DR S STE #A,,RANCHO PALOS VERDES,CA,20,ON ,0008711606968,1824,100464,3.000,523.50
BELVEDERE VODKA(ORG)80,MOET HENNESSY USA,SPIRITS,VODKA,BELVEDERE PURE,VODKA IMPORTED,Liquor Products,TOTAL BELVEDERE PURE,,DNA--POLAND,DNA--POLAND,POLAND,80.00,RYE,WHITE,1.75L,LT ,584236,VODKA IMPORTED,BELVEDERE,33084,3523553    ,TERRANEA,6610 PALO VERDES DR S STE #A,,RANCHO PALOS VERDES,CA,20,ON ,0008175383780,1824,100464,1.000,339.62
BELVEDERE VODKA(ORG)80,MOET HENNESSY USA,SPIRITS,VODKA,BELVEDERE PURE,VODKA IMPORTED,Liquor Products,TOTAL BELVEDERE PURE,,DNA--POLAND,DNA--POLAND,POLAND,80.00,RYE,WHITE,1.0L,LT ,584233,VODKA IMPORTED,BELVEDERE,33084,3523553    ,TERRANEA,6610 PALO VERDES DR S STE #A,,RANCHO PALOS VERDES,CA,20,ON ,0008175383781,1824,100464,141.000,28280.00
BELVEDERE VODKA(ORG)80,MOET HENNESSY USA,SPIRITS,VODKA,BELVEDERE PURE,VODKA IMPORTED,Liquor Products,TOTAL BELVEDERE PURE,,DNA--POLAND,DNA--POLAND,POLAND,80.00,RYE,WHITE,750ML,ML ,584235,VODKA IMPORTED,BELVEDERE,33084,3523553    ,TERRANEA,6610 PALO VERDES DR S STE #A,,RANCHO PALOS VERDES,CA,20,ON ,0008175383782,1824,100464,3.000,520.50
BELVEDERE VODKA(ORG)80 SLIM,MOET HENNESSY USA,SPIRITS,VODKA,BELVEDERE PURE,VODKA IMPORTED,Liquor Products,TOTAL BELVEDERE PURE,,DNA--POLAND,DNA--POLAND,POLAND,80.00,RYE,WHITE,1.0L,LT ,644413,VODKA IMPORTED,BELVEDERE,33084,3523553    ,TERRANEA,6610 PALO VERDES DR S STE #A,,RANCHO PALOS VERDES,CA,20,ON ,0008175383781,1824,100464,5.000,1006.25
CHANDON ETOILE BRUT,MOET HENNESSY USA,WINE,SPARKLING WINE,CHANDON ETOILE,SPARKLING WINE DOMESTIC,Wine & Wine Coolers,TOTAL CHANDON ETOILE,,CARNEROS,CALIFORNIA,UNITED STATES,0.00,BLEND-CHAMPAGNE,WHITE,750ML,ML ,124058,CALIFORNIA SPARKLING,CHANDON SPARKLING,33084,3523553    ,TERRANEA,6610 PALO VERDES DR S STE #A,,RANCHO PALOS VERDES,CA,20,ON ,0008515500004,704,100464,7.000,1606.50
CHANDON ETOILE ROSE NV,MOET HENNESSY USA,WINE,SPARKLING WINE,CHANDON ETOILE,SPARKLING WINE DOMESTIC,Wine & Wine Coolers,TOTAL CHANDON ETOILE,,CARNEROS,CALIFORNIA,UNITED STATES,0.00,BLEND-CHAMPAGNE,ROSE,750ML,ML ,140405,CALIFORNIA SPARKLING,CHANDON SPARKLING,33084,3523553    ,TERRANEA,6610 PALO VERDES DR S STE #A,,RANCHO PALOS VERDES,CA,20,ON ,0008515500008,704,100464,2.000,459.00
CLICQUOT DEMI SEC,MOET HENNESSY USA,WINE,SPARKLING WINE,CLICQUOT DEMI SEC,SPARKLING WINE IMPORTED,Wine & Wine Coolers,TOTAL VCP CORE OTHER,,CHAMPAGNE,CHAMPAGNE,FRANCE,0.00,BLEND-CHAMPAGNE,WHITE,750ML,ML ,41897,FRENCH SPARKLING,VEUVE CLICQUOT,33084,3523553    ,TERRANEA,6610 PALO VERDES DR S STE #A,,RANCHO PALOS VERDES,CA,20,ON ,0008175305035,707,100464,1.000,637.00
CLICQUOT RICH,MOET HENNESSY USA,WINE,SPARKLING WINE,CLICQUOT RICH,SPARKLING WINE IMPORTED,Wine & Wine Coolers,TOTAL VCP RICH,,CHAMPAGNE,CHAMPAGNE,FRANCE,0.00,BLEND-CHAMPAGNE,WHITE,750ML,ML ,394054,FRENCH SPARKLING,VEUVE CLICQUOT,33084,3523553    ,TERRANEA,6610 PALO VERDES DR S STE #A,,RANCHO PALOS VERDES,CA,20,ON ,0008175382613,5035,100464,1.000,315.00
CLICQUOT ROSE CUVEE RSV(NV),MOET HENNESSY USA,WINE,SPARKLING WINE,CLICQUOT ROSE NV,SPARKLING WINE IMPORTED,Wine & Wine Coolers,TOTAL VCP ROSE,,CHAMPAGNE,CHAMPAGNE,FRANCE,0.00,BLEND-CHAMPAGNE,ROSE,750ML,ML ,403137,FRENCH SPARKLING,VEUVE CLICQUOT,33084,3523553    ,TERRANEA,6610 PALO VERDES DR S STE #A,,RANCHO PALOS VERDES,CA,20,ON ,0008175381718,714,100464,49.833,26910.00
CLICQUOT ROSE(NV),MOET HENNESSY USA,WINE,SPARKLING WINE,CLICQUOT ROSE NV,SPARKLING WINE IMPORTED,Wine & Wine Coolers,TOTAL VCP ROSE,,CHAMPAGNE,CHAMPAGNE,FRANCE,0.00,BLEND-CHAMPAGNE,ROSE,750ML,ML ,130560,FRENCH SPARKLING,VEUVE CLICQUOT,33084,3523553    ,TERRANEA,6610 PALO VERDES DR S STE #A,,RANCHO PALOS VERDES,CA,20,ON ,0008175380247,714,100464,7.000,4368.00
CLICQUOT YELLOW LABEL BRUT,MOET HENNESSY USA,WINE,SPARKLING WINE,CLICQUOT YELLOW LABEL,SPARKLING WINE IMPORTED,Wine & Wine Coolers,TOTAL VCP YELLOW LABEL,,CHAMPAGNE,CHAMPAGNE,FRANCE,0.00,BLEND-CHAMPAGNE,WHITE,375ML,ML ,642227,FRENCH SPARKLING,VEUVE CLICQUOT,33084,3523553    ,TERRANEA,6610 PALO VERDES DR S STE #A,,RANCHO PALOS VERDES,CA,20,ON ,0008175305022,43107,100464,2.000,689.12
CLICQUOT YELLOW LABEL BRUT,MOET HENNESSY USA,WINE,SPARKLING WINE,CLICQUOT YELLOW LABEL,SPARKLING WINE IMPORTED,Wine & Wine Coolers,TOTAL VCP YELLOW LABEL,,CHAMPAGNE,CHAMPAGNE,FRANCE,0.00,BLEND-CHAMPAGNE,WHITE,750ML,ML ,41175,FRENCH SPARKLING,VEUVE CLICQUOT,33084,3523553    ,TERRANEA,6610 PALO VERDES DR S STE #A,,RANCHO PALOS VERDES,CA,20,ON ,0008175305020,43107,100464,50.000,24792.00
CLICQUOT YELLOW LABEL RSV,MOET HENNESSY USA,WINE,SPARKLING WINE,CLICQUOT YELLOW LABEL,SPARKLING WINE IMPORTED,Wine & Wine Coolers,TOTAL VCP YELLOW LABEL,,CHAMPAGNE,CHAMPAGNE,FRANCE,0.00,BLEND-CHAMPAGNE,WHITE,750ML,ML ,355642,FRENCH SPARKLING,VEUVE CLICQUOT,33084,3523553    ,TERRANEA,6610 PALO VERDES DR S STE #A,,RANCHO PALOS VERDES,CA,20,ON ,0008175382523,43107,100464,500.001,227340.00
CHANDON BRUT,MOET HENNESSY USA,WINE,SPARKLING WINE,DOMAINE CHANDON SPARKLING,SPARKLING WINE DOMESTIC,Wine & Wine Coolers,TOTAL CHANDON BRUT,,DNA--CALIFORNIA,CALIFORNIA,UNITED STATES,0.00,BLEND-CHAMPAGNE,WHITE,375ML,ML ,512454,CALIFORNIA SPARKLING,CHANDON SPARKLING,33084,3523553    ,TERRANEA,6610 PALO VERDES DR S STE #A,,RANCHO PALOS VERDES,CA,20,ON ,0008515500201,42981,100464,14.000,3920.00
GLENMORANGIE SCO 10YR 86,MOET HENNESSY USA,SPIRITS,SCOTCH,GLENMORANGIE 10YR,WHISKEY IMPORTED,Liquor Products,TOTAL GLENMORANGIE CORE,,DNA--HIGHLANDS,SCOTLAND,UNITED KINGDOM,86.00,BARLEY,TAWNY/BROWN,1.0L,LT ,907055,SINGLE MALTS,GLENMORANGIE,33084,3523553    ,TERRANEA,6610 PALO VERDES DR S STE #A,,RANCHO PALOS VERDES,CA,20,ON ,0008175381082,719,100464,1.000,264.50
HENNESSY COGNAC VS 80,MOET HENNESSY USA,SPIRITS,BRANDY,HENNESSY VS,BRANDY IMPORTED,Liquor Products,TOTAL HENNESSY VS,,COGNAC,COGNAC,FRANCE,80.00,BLEND-COGNAC,TAWNY/BROWN,1.0L,LT ,344101,COGNAC,HENNESSY,33084,3523553    ,TERRANEA,6610 PALO VERDES DR S STE #A,,RANCHO PALOS VERDES,CA,20,ON ,0008811015056,131,100464,11.000,5824.00
MOET IMPERIAL BRUT,MOET HENNESSY USA,WINE,SPARKLING WINE,MOET IMPERIAL,SPARKLING WINE IMPORTED,Wine & Wine Coolers,TOTAL MT IMPERIAL,,CHAMPAGNE,CHAMPAGNE,FRANCE,0.00,BLEND-CHAMPAGNE,WHITE,750ML,ML ,314849,FRENCH SPARKLING,MOET & CHANDON,33084,3523553    ,TERRANEA,6610 PALO VERDES DR S STE #A,,RANCHO PALOS VERDES,CA,20,ON ,0008811055105,738,100464,16.000,4558.00
MOET IMPERIAL BRUT,MOET HENNESSY USA,WINE,SPARKLING WINE,MOET IMPERIAL,SPARKLING WINE IMPORTED,Wine & Wine Coolers,TOTAL MT IMPERIAL,,CHAMPAGNE,CHAMPAGNE,FRANCE,0.00,BLEND-CHAMPAGNE,WHITE,375ML,ML ,313449,FRENCH SPARKLING,MOET & CHANDON,33084,3523553    ,TERRANEA,6610 PALO VERDES DR S STE #A,,RANCHO PALOS VERDES,CA,20,ON ,0008811055103,738,100464,4.000,1112.00
MOET IMPERIAL RSV(ON PREM),MOET HENNESSY USA,WINE,SPARKLING WINE,MOET IMPERIAL,SPARKLING WINE IMPORTED,Wine & Wine Coolers,TOTAL MT IMPERIAL,,CHAMPAGNE,CHAMPAGNE,FRANCE,0.00,BLEND-CHAMPAGNE,WHITE,750ML,ML ,248843,FRENCH SPARKLING,MOET & CHANDON,33084,3523553    ,TERRANEA,6610 PALO VERDES DR S STE #A,,RANCHO PALOS VERDES,CA,20,ON ,0008175382094,738,100464,31.000,6324.00
MOET IMPERIAL BRUT ROSE(NV),MOET HENNESSY USA,WINE,SPARKLING WINE,MOET IMPERIAL ROSE,SPARKLING WINE IMPORTED,Wine & Wine Coolers,TOTAL MT IMPERIAL ROSE,,CHAMPAGNE,CHAMPAGNE,FRANCE,0.00,BLEND-CHAMPAGNE,ROSE,375ML,ML ,175055,FRENCH SPARKLING,MOET & CHANDON,33084,3523553    ,TERRANEA,6610 PALO VERDES DR S STE #A,,RANCHO PALOS VERDES,CA,20,ON ,0081753810757,739,100464,4.916,1986.37
RUINART BLANC DE BLANCS(NV) SS,MOET HENNESSY USA,WINE,SPARKLING WINE,RUINART BLANC,SPARKLING WINE IMPORTED,Wine & Wine Coolers,TOTAL RUINART FLAGSHIP,,CHAMPAGNE,CHAMPAGNE,FRANCE,0.00,CHARDONNAY,WHITE,750ML,ML ,383171,FRENCH SPARKLING,RUINART,33084,3523553    ,TERRANEA,6610 PALO VERDES DR S STE #A,,RANCHO PALOS VERDES,CA,20,ON ,0008807616722,743,100464,4.000,1668.00
WOODINVILLE BBN 90,MOET HENNESSY USA,SPIRITS,BOURBON,WOODINVILLE,WHISKEY DOMESTIC,Liquor Products,TOTAL WOODINVILLE,,DNA--WASHINGTON,WASHINGTON,UNITED STATES,90.00,BLEND-GRAINS,TAWNY/BROWN,750ML,ML ,895553,BOURBON,WOODINVILLE,33084,3523553    ,TERRANEA,6610 PALO VERDES DR S STE #A,,RANCHO PALOS VERDES,CA,20,ON ,0085834900410,5896,100464,0.083,25.75
ABSOLUT VODKA ELYX 84.6,PERNOD RICARD USA,SPIRITS,VODKA,ABSOLUT ELYX,VODKA IMPORTED,Liquor Products,ABSOLUT ELYX,,DNA--SWEDEN,DNA--SWEDEN,SWEDEN,84.60,WHEAT,WHITE,1.0L,LT ,332433,VODKA IMPORTED,ABSOLUT,33084,3523553    ,TERRANEA,6610 PALO VERDES DR S STE #A,,RANCHO PALOS VERDES,CA,20,ON ,0083522900072,2202,100033,4.000,824.00
AVION TEQUILA SILVER 80,PERNOD RICARD USA,SPIRITS,TEQUILA,AVION SILVER,TEQUILA,Liquor Products,AVION TEQUILA,,TEQUILA,JALISCO,MEXICO,80.00,100% BLUE AGAVE,WHITE,1.0L,LT ,404045,,AVION,33084,3523553    ,TERRANEA,6610 PALO VERDES DR S STE #A,,RANCHO PALOS VERDES,CA,20,ON ,0008043211044,2004,100033,2.000,492.00
BEEFEATER GIN 80,PERNOD RICARD USA,SPIRITS,GIN,BEEFEATER REGULAR,GIN IMPORTED,Liquor Products,BEEFEATER,BLEND-BOTANICALS,DNA--ENGLAND,ENGLAND,UNITED KINGDOM,80.00,BLEND-GRAINS,WHITE,1.0L,LT ,600814,NONE,BEEFEATER,33084,3523553    ,TERRANEA,6610 PALO VERDES DR S STE #A,,RANCHO PALOS VERDES,CA,20,ON ,0008954033348,279,100033,24.000,5760.00
BEEFEATER GIN 88,PERNOD RICARD USA,SPIRITS,GIN,BEEFEATER REGULAR,GIN IMPORTED,Liquor Products,BEEFEATER,BLEND-BOTANICALS,DNA--ENGLAND,ENGLAND,UNITED KINGDOM,88.00,BLEND-GRAINS,WHITE,1.0L,LT ,962220,NONE,BEEFEATER,33084,3523553    ,TERRANEA,6610 PALO VERDES DR S STE #A,,RANCHO PALOS VERDES,CA,20,ON ,0008954033348,279,100033,13.000,3120.00
GLENLIVET SCO SM 12YR 80,PERNOD RICARD USA,SPIRITS,SCOTCH,GLENLIVET 12 YR,WHISKEY IMPORTED,Liquor Products,GLENLIVET 12,,SPEYSIDE,SCOTLAND,UNITED KINGDOM,80.00,BARLEY,TAWNY/BROWN,1.0L,LT ,15501,SINGLE MALTS,THE GLENLIVET,33084,3523553    ,TERRANEA,6610 PALO VERDES DR S STE #A,,RANCHO PALOS VERDES,CA,20,ON ,0008043240070,804,100033,4.000,2388.00
GLENLIVET SCO SM 12YR 80 YRC,PERNOD RICARD USA,SPIRITS,SCOTCH,GLENLIVET 12 YR,WHISKEY IMPORTED,Liquor Products,GLENLIVET 12,,SPEYSIDE,SCOTLAND,UNITED KINGDOM,80.00,BARLEY,TAWNY/BROWN,750ML,ML ,15502,SINGLE MALTS,THE GLENLIVET,33084,3523553    ,TERRANEA,6610 PALO VERDES DR S STE #A,,RANCHO PALOS VERDES,CA,20,ON ,0008043240063,804,100033,3.000,1314.00
JAMESON IRISH WHISKEY 80,PERNOD RICARD USA,SPIRITS,IRISH WHISKEY,JAMESON STANDARD,WHISKEY IMPORTED,Liquor Products,JAMESON STANDARD,,DNA--IRELAND,DNA--IRELAND,IRELAND,80.00,BLEND-GRAINS,TAWNY/BROWN,1.0L,LT ,24601,IRISH WHISKEY,JAMESON IRISH WHISKEY,33084,3523553    ,TERRANEA,6610 PALO VERDES DR S STE #A,,RANCHO PALOS VERDES,CA,20,ON ,0008043250011,2231,100033,26.000,9552.00
JAMESON IRISH WHISKEY 80,PERNOD RICARD USA,SPIRITS,IRISH WHISKEY,JAMESON STANDARD,WHISKEY IMPORTED,Liquor Products,JAMESON STANDARD,,DNA--IRELAND,DNA--IRELAND,IRELAND,80.00,BLEND-GRAINS,TAWNY/BROWN,200ML,ML ,168176,IRISH WHISKEY,JAMESON IRISH WHISKEY,33084,3523553    ,TERRANEA,6610 PALO VERDES DR S STE #A,,RANCHO PALOS VERDES,CA,20,ON ,0008043250012,2231,100033,4.000,700.50
JEFFERSON BBN OCN 90,PERNOD RICARD USA,SPIRITS,BOURBON,JEFFERSON'S RESERVE B,WHISKEY DOMESTIC,Liquor Products,JEFFERSON'S,,DNA--KENTUCKY,KENTUCKY,UNITED STATES,90.00,BLEND-GRAINS,TAWNY/BROWN,750ML,ML ,403801,BOURBON,JEFFERSONS,33084,3523553    ,TERRANEA,6610 PALO VERDES DR S STE #A,,RANCHO PALOS VERDES,CA,20,ON ,0081479401064,1982,100033,7.000,2772.00
KAHLUA 40,PERNOD RICARD USA,SPIRITS,CORDIALS/LIQUORS,KAHLUA REGULAR,CORDIALS IMPORTED,Liquor Products,KAHLUA REGULAR,COFFEE,DNA--MEXICO,DNA--MEXICO,MEXICO,40.00,,TAWNY/BROWN,1.0L,LT ,93165,FLAVORED CORDIAL IMPORTED,KAHLUA LIQUEUR,33084,3523553    ,TERRANEA,6610 PALO VERDES DR S STE #A,,RANCHO PALOS VERDES,CA,20,ON ,0008954012270,2829,100033,22.000,6831.00
KENWOOD CAB SAUV SIX RIDGES,PERNOD RICARD USA,WINE,RED WINE,KENWOOD SIX RIDGES CAB SAUV,CA - SONOMA,Wine & Wine Coolers,KENWOOD SIX RIDGES,,ALEXANDER VALLEY,CALIFORNIA,UNITED STATES,0.00,CABERNET SAUVIGNON,RED,750ML,ML ,502809,RUSSIAN RIVER,KENWOOD,33084,3523553    ,TERRANEA,6610 PALO VERDES DR S STE #A,,RANCHO PALOS VERDES,CA,20,ON ,0001098601003,5286,100033,68.500,5772.60
KENWOOD SAUVIGNON BLANC CALIF,PERNOD RICARD USA,WINE,WHITE WINE,KENWOOD SONOMA SAUVIGNON BLANC,CA - SONOMA,Wine & Wine Coolers,KENWOOD SONOMA,,DNA--CALIFORNIA,CALIFORNIA,UNITED STATES,0.00,SAUVIGNON BLANC,WHITE,750ML,ML ,558286,RUSSIAN RIVER,KENWOOD,33084,3523553    ,TERRANEA,6610 PALO VERDES DR S STE #A,,RANCHO PALOS VERDES,CA,20,ON ,0001098600602,5294,100033,2.000,198.00
LILLET APERITIF BLANC,PERNOD RICARD USA,WINE,WINE BASED APERITIFS,LILLET BLANC,APERITIF / BITTERS IMPORTED,Wine & Wine Coolers,LILLET,BLEND-PROPRIETARY,DNA--FRANCE,DNA--FRANCE,FRANCE,0.00,BLEND-BORDEAUX SEMILLON BASED,WHITE,750ML,ML ,69427,NONE,LILLET,33084,3523553    ,TERRANEA,6610 PALO VERDES DR S STE #A,,RANCHO PALOS VERDES,CA,20,ON ,0008366486628,5305,100033,5.000,1070.00
LILLET APERITIF ROSE,PERNOD RICARD USA,WINE,WINE BASED APERITIFS,LILLET ROSE,APERITIF / BITTERS IMPORTED,Wine & Wine Coolers,LILLET,BLEND-PROPRIETARY,DNA--FRANCE,DNA--FRANCE,FRANCE,0.00,BLEND-BORDEAUX,ROSE,750ML,ML ,404556,NONE,LILLET,33084,3523553    ,TERRANEA,6610 PALO VERDES DR S STE #A,,RANCHO PALOS VERDES,CA,20,ON ,0008366487258,5306,100033,4.000,856.00
MALIBU RUM COCONUT 42,PERNOD RICARD USA,SPIRITS,RUM,MALIBU COCONUT,RUM IMPORTED,Liquor Products,MALIBU REGULAR,COCONUT,DNA--CANADA,DNA--CANADA,CANADA,42.00,,WHITE,750ML,ML ,33452,FLAVORED RUM IMPORTED,MALIBU RUMS,33084,3523553    ,TERRANEA,6610 PALO VERDES DR S STE #A,,RANCHO PALOS VERDES,CA,20,ON ,0008954044899,425,100033,1.000,160.00
MALIBU RUM COCONUT 42,PERNOD RICARD USA,SPIRITS,RUM,MALIBU COCONUT,RUM IMPORTED,Liquor Products,MALIBU REGULAR,COCONUT,DNA--CANADA,DNA--CANADA,CANADA,42.00,,WHITE,1.0L,LT ,33451,FLAVORED RUM IMPORTED,MALIBU RUMS,33084,3523553    ,TERRANEA,6610 PALO VERDES DR S STE #A,,RANCHO PALOS VERDES,CA,20,ON ,0008954044897,425,100033,19.000,4104.00
MONKEY 47 GIN 94,PERNOD RICARD USA,SPIRITS,GIN,MONKEY 47 GIN,GIN IMPORTED,Liquor Products,MONKEY 47 GIN,BLEND-BOTANICALS,DNA--GERMANY,DNA--GERMANY,GERMANY,94.00,,WHITE,1.0L,LT ,898141,NONE,MONKEY 47 GIN,33084,3523553    ,TERRANEA,6610 PALO VERDES DR S STE #A,,RANCHO PALOS VERDES,CA,20,ON ,0008043211290,2942,100033,1.000,180.00
PERRIER JOUET BELLE EPOQUE BRUT 15,PERNOD RICARD USA,WINE,SPARKLING WINE,PERRIER JOUET BELLE EP BRUT,SPARKLING WINE IMPORTED,Wine & Wine Coolers,PJ BELLE EPOQUE,,CHAMPAGNE,CHAMPAGNE,FRANCE,0.00,BLEND-CHAMPAGNE,WHITE,750ML,ML ,614243,FRENCH SPARKLING,PERRIER JOUET CHAMPAGNES,33084,3523553    ,TERRANEA,6610 PALO VERDES DR S STE #A,,RANCHO PALOS VERDES,CA,20,ON ,0085283210522,2259,100033,1.000,1020.00
REDBREAST IRISH WHISKEY 12YR 80,PERNOD RICARD USA,SPIRITS,IRISH WHISKEY,RED BREAST,WHISKEY IMPORTED,Liquor Products,REDBREAST IRISH WHISKEY,,DNA--IRELAND,DNA--IRELAND,IRELAND,80.00,BARLEY,TAWNY/BROWN,750ML,ML ,86276,IRISH WHISKEY,REDBREAST IRISH WHISKEY,33084,3523553    ,TERRANEA,6610 PALO VERDES DR S STE #A,,RANCHO PALOS VERDES,CA,20,ON ,0008043258617,8334,100033,6.000,1893.00
HERZOG BRUT,ROYAL WINE CORPORATION,WINE,SPARKLING WINE,BARON HERZOG SPARKLING,SPARKLING WINE DOMESTIC,Wine & Wine Coolers,BARON HERZOG,,DNA--UNITED STATES,DNA--UNITED STATES,UNITED STATES,0.00,BLEND-SPARKLING WINE,WHITE,750ML,ML ,40019,CALIFORNIA SPARKLING,BARON HERZOG,33084,3523553    ,TERRANEA,6610 PALO VERDES DR S STE #A,,RANCHO PALOS VERDES,CA,20,ON ,0008775200383,4605,100448,5.000,471.25
BARON HERZOG CABERNET SAUVIGNON,ROYAL WINE CORPORATION,WINE,RED WINE,HERZOG CALIF,CA - CENTRAL COAST,Wine & Wine Coolers,BARON HERZOG,,PASO ROBLES,CALIFORNIA,UNITED STATES,0.00,CABERNET SAUVIGNON,RED,750ML,ML ,71883,SANTA MARIA VALLEY,BARON HERZOG,33084,3523553    ,TERRANEA,6610 PALO VERDES DR S STE #A,,RANCHO PALOS VERDES,CA,20,ON ,0008775200257,40954,100448,7.000,763.00
HERZOG CHARD CALIF,ROYAL WINE CORPORATION,WINE,WHITE WINE,HERZOG CALIF,CA - CENTRAL COAST,Wine & Wine Coolers,BARON HERZOG,,PASO ROBLES,CALIFORNIA,UNITED STATES,0.00,CHARDONNAY,WHITE,750ML,ML ,71882,SANTA MARIA VALLEY,BARON HERZOG,33084,3523553    ,TERRANEA,6610 PALO VERDES DR S STE #A,,RANCHO PALOS VERDES,CA,20,ON ,0008775200256,40954,100448,9.000,965.00
ANTICA SAMBUCA 76,SAZERAC CO/375 PARK AVE SPIRIT,SPIRITS,CORDIALS/LIQUORS,ANTICA SAMBUCA,CORDIALS IMPORTED,Liquor Products,SAZERAC PARK AVE ALL OTHER,ANISE,DNA--ITALY,DNA--ITALY,ITALY,76.00,,WHITE,750ML,ML ,148485,FLAVORED CORDIAL IMPORTED,SAZERAC PARK AVE ALL OTHER,33084,3523553    ,TERRANEA,6610 PALO VERDES DR S STE #A,,RANCHO PALOS VERDES,CA,20,ON ,0087834200013,5082,106617,3.000,315.00
SOHO LYCHEE LIQUEUR 42,SAZERAC CO/375 PARK AVE SPIRIT,SPIRITS,CORDIALS/LIQUORS,SOHO 215,CORDIALS IMPORTED,Liquor Products,SAZERAC PARK AVE ALL OTHER,LYCHEE,DNA--FRANCE,DNA--FRANCE,FRANCE,42.00,,WHITE,750ML,ML ,136485,FLAVORED CORDIAL IMPORTED,SAZERAC PARK AVE ALL OTHER,33084,3523553    ,TERRANEA,6610 PALO VERDES DR S STE #A,,RANCHO PALOS VERDES,CA,20,ON ,0008043231667,71922,106617,47.000,4794.00
CARAVELLA LIMONCELLO 56,SAZERAC COMPANY INC,SPIRITS,CORDIALS/LIQUORS,CARAVELLA,CORDIALS IMPORTED,Liquor Products,CARAVELLA (SCI),LEMON,DNA--CAMPANIA,CAMPANIA,ITALY,56.00,,YELLOW,750ML,ML ,298092,FLAVORED CORDIAL IMPORTED,SAZERAC ALL OTHER,33084,3523553    ,TERRANEA,6610 PALO VERDES DR S STE #A,,RANCHO PALOS VERDES,CA,20,ON ,0008066077605,352,100690,24.000,2071.68
STAGS LEAP WN CEL CAB SAUV FAY 16,STAG'S LEAP DBA VINATTIERI 138,WINE,RED WINE,STAG'S LEAP WINE CELLARS RSV,CA - NAPA,Wine & Wine Coolers,SLWC ESTATE,,STAGS LEAP DISTRICT,CALIFORNIA,UNITED STATES,0.00,CABERNET SAUVIGNON,RED,750ML,ML ,936804,MISC. AVA NAPA,STAGS LEAP WINE CELLARS,33084,3523553    ,TERRANEA,6610 PALO VERDES DR S STE #A,,RANCHO PALOS VERDES,CA,20,ON ,0008859380004,4690,115681,2.000,1499.88
STAGS LEAP WN CEL CAB SV CASK23 14,STAG'S LEAP DBA VINATTIERI 138,WINE,RED WINE,STAG'S LEAP WINE CELLARS RSV,CA - NAPA,Wine & Wine Coolers,SLWC ESTATE,,STAGS LEAP DISTRICT,CALIFORNIA,UNITED STATES,0.00,CABERNET SAUVIGNON,RED,750ML,ML ,448411,STAG'S LEAP,STAGS LEAP WINE CELLARS,33084,3523553    ,TERRANEA,6610 PALO VERDES DR S STE #A,,RANCHO PALOS VERDES,CA,20,ON ,0008859385006,4690,115681,2.000,2894.40
FEUILLATTE BRUT CUV GASTRONOM RSV,STE MICHELLE WINE ESTATES,WINE,SPARKLING WINE,NICOLAS FEUILLATTE,SPARKLING WINE IMPORTED,Wine & Wine Coolers,NICOLAS FEUILLATTE,,CHAMPAGNE,CHAMPAGNE,FRANCE,0.00,BLEND-CHAMPAGNE,WHITE,750ML,ML ,326050,FRENCH SPARKLING,NICOLAS FEUILLATTE,33084,3523553    ,TERRANEA,6610 PALO VERDES DR S STE #A,,RANCHO PALOS VERDES,CA,20,ON ,0008838811080,467,100501,0.000,0.00
CLASE AZUL TEQ ANEJO 80,TEQUILAS PREMIUM INC,SPIRITS,TEQUILA,CLASE AZUL ANEJO,TEQUILA,Liquor Products,CLASE AZUL,,TEQUILA,JALISCO,MEXICO,80.00,100% BLUE AGAVE,TAWNY/BROWN,750ML,ML ,595303,ANEJO TEQUILA,CLASE AZUL,33084,3523553    ,TERRANEA,6610 PALO VERDES DR S STE #A,,RANCHO PALOS VERDES,CA,20,ON ,0085001427512,2668,103558,3.000,3333.00
CLASE AZUL TEQ ANEJO 80,TEQUILAS PREMIUM INC,SPIRITS,TEQUILA,CLASE AZUL ANEJO,TEQUILA,Liquor Products,CLASE AZUL,,TEQUILA,JALISCO,MEXICO,80.00,100% BLUE AGAVE,TAWNY/BROWN,750ML,ML ,346754,ANEJO TEQUILA,CLASE AZUL,33084,3523553    ,TERRANEA,6610 PALO VERDES DR S STE #A,,RANCHO PALOS VERDES,CA,20,ON ,0008124012075,2668,103558,1.000,1200.00
CLASE AZUL TEQ GOLD 80,TEQUILAS PREMIUM INC,SPIRITS,TEQUILA,CLASE AZUL JOVEN,TEQUILA,Liquor Products,CLASE AZUL,,TEQUILA,JALISCO,MEXICO,80.00,100% BLUE AGAVE,TAWNY/BROWN,750ML,ML ,973748,,CLASE AZUL,33084,3523553    ,TERRANEA,6610 PALO VERDES DR S STE #A,,RANCHO PALOS VERDES,CA,20,ON ,0002021203003,6500,103558,1.000,672.00
CLASE AZUL MEZCAL JOV DURANGO 88,TEQUILAS PREMIUM INC,SPIRITS,TEQUILA,CLASE AZUL MEZCAL,MEZCAL,Liquor Products,CLASE AZUL MEZCAL,,DNA--DURANGO,DURANGO,MEXICO,88.00,MAGUEY/MEZCAL,WHITE,750ML,ML ,390132,SILVER / PLATA TEQUILA,CLASE AZUL,33084,3523553    ,TERRANEA,6610 PALO VERDES DR S STE #A,,RANCHO PALOS VERDES,CA,20,ON ,0008124050110,3660,103558,0.333,235.33
CLASE AZUL TEQ PLATA 80,TEQUILAS PREMIUM INC,SPIRITS,TEQUILA,CLASE AZUL PLATA,TEQUILA,Liquor Products,CLASE AZUL,,TEQUILA,JALISCO,MEXICO,80.00,100% BLUE AGAVE,WHITE,750ML,ML ,578234,SILVER / PLATA TEQUILA,CLASE AZUL,33084,3523553    ,TERRANEA,6610 PALO VERDES DR S STE #A,,RANCHO PALOS VERDES,CA,20,ON ,0085001427510,1564,103558,1.000,683.00
CLASE AZUL TEQ REPOSADO 80,TEQUILAS PREMIUM INC,SPIRITS,TEQUILA,CLASE AZUL REPO,TEQUILA,Liquor Products,CLASE AZUL,,TEQUILA,JALISCO,MEXICO,80.00,100% BLUE AGAVE,TAWNY/BROWN,200ML,ML ,197948,REPOSADO TEQUILA,CLASE AZUL,33084,3523553    ,TERRANEA,6610 PALO VERDES DR S STE #A,,RANCHO PALOS VERDES,CA,20,ON ,0008124009400,3817,103558,11.000,5595.00
CLASE AZUL TEQ REPOSADO 80,TEQUILAS PREMIUM INC,SPIRITS,TEQUILA,CLASE AZUL REPO,TEQUILA,Liquor Products,CLASE AZUL,,TEQUILA,JALISCO,MEXICO,80.00,100% BLUE AGAVE,TAWNY/BROWN,200ML,ML ,642375,REPOSADO TEQUILA,CLASE AZUL,33084,3523553    ,TERRANEA,6610 PALO VERDES DR S STE #A,,RANCHO PALOS VERDES,CA,20,ON ,0008124009400,3817,103558,1.000,525.00
CLASE AZUL TEQUILA ULTRA 80,TEQUILAS PREMIUM INC,SPIRITS,TEQUILA,CLASE AZUL ULTRA,TEQUILA,Liquor Products,CLASE AZUL,,TEQUILA,JALISCO,MEXICO,80.00,100% BLUE AGAVE,TAWNY/BROWN,750ML,ML ,175146,ANEJO TEQUILA,CLASE AZUL,33084,3523553    ,TERRANEA,6610 PALO VERDES DR S STE #A,,RANCHO PALOS VERDES,CA,20,ON ,0008124004990,1565,103558,0.998,9387.40
NONINO QUINTESSENTIA AMARO LIQ 70,TERLATO WINES INTERNATIONAL,SPIRITS,CORDIALS/LIQUORS,NONINO,CORDIALS IMPORTED,Liquor Products,SPIRITS (TWS),BLEND-PROPRIETARY,DNA--MARCHES,MARCHES,ITALY,70.00,BLEND-ITALY,TAWNY/BROWN,750ML,ML ,16569,FLAVORED CORDIAL IMPORTED,TERLATO WINE AND SPIRITS,33084,3523553    ,TERRANEA,6610 PALO VERDES DR S STE #A,,RANCHO PALOS VERDES,CA,20,ON ,0008689105400,2443,100402,1.000,225.00
CAYMUS CABERNET SAUVIGNON NAPA 21,WAGNER FAMILY OF WINE,WINE,RED WINE,CAYMUS CAB SAUV NAPA,CA - NAPA,Wine & Wine Coolers,CAYMUS NAPA,,DNA--CALIFORNIA,CALIFORNIA,UNITED STATES,0.00,CABERNET SAUVIGNON,RED,750ML,ML ,595260,RUTHERFORD,CAYMUS WINES,33084,3523553    ,TERRANEA,6610 PALO VERDES DR S STE #A,,RANCHO PALOS VERDES,CA,20,ON ,0001722471210,43312,100102,9.000,7560.00
WHISTLEPIG RYE WSKY 10YR 100,WHISTLEPIG WHISKEY/MHW LTD,SPIRITS,STRAIGHT RYE WHISKY,WHISTLE PIG,WHISKEY DOMESTIC,Liquor Products,WHISTLEPIG CORE 4,,DNA--VERMONT,VERMONT,UNITED STATES,100.00,RYE,TAWNY/BROWN,750ML,ML ,306228,RYE WHISKEY,WHISTLEPIG,33084,3523553    ,TERRANEA,6610 PALO VERDES DR S STE #A,,RANCHO PALOS VERDES,CA,20,ON ,0079357379794,43084,114308,2.000,720.00
BITTER TRUTH BITTERS GRAPEFRUIT 88,WORLDWIDE LIBATIONS LLC,SPIRITS,DISTILLED SPIRIT SPECIALTY,BITTER TRUTH,APERITIF / BITTERS IMPORTED,Liquor Products,THE BITTER TRUTH,BLEND-BOTANICALS,DNA--BAVARIA,BAVARIA,GERMANY,88.00,,TAWNY/BROWN,200ML,ML ,306217,NONE,THE BITTER TRUTH,33084,3523553    ,TERRANEA,6610 PALO VERDES DR S STE #A,,RANCHO PALOS VERDES,CA,20,ON ,0426016766011,40727,112753,1.000,180.00
BITTER TRUTH BITTERS ORANGE 78,WORLDWIDE LIBATIONS LLC,SPIRITS,DISTILLED SPIRIT SPECIALTY,BITTER TRUTH,APERITIF / BITTERS IMPORTED,Liquor Products,THE BITTER TRUTH,BLEND-BOTANICALS,DNA--BAVARIA,BAVARIA,GERMANY,78.00,,TAWNY/BROWN,200ML,ML ,306219,NONE,THE BITTER TRUTH,33084,3523553    ,TERRANEA,6610 PALO VERDES DR S STE #A,,RANCHO PALOS VERDES,CA,20,ON ,0426016766001,40727,112753,4.000,720.00
LICOR 43 62,ZAMORA/PARK STREET IMPORTS,SPIRITS,CORDIALS/LIQUORS,LICOR 43,CORDIALS IMPORTED,Liquor Products,LICOR 43,BLEND-PROPRIETARY,DNA--SPAIN,DNA--SPAIN,SPAIN,62.00,,YELLOW,1.0L,LT ,341848,FLAVORED CORDIAL IMPORTED,LICOR 43,33084,3523553    ,TERRANEA,6610 PALO VERDES DR S STE #A,,RANCHO PALOS VERDES,CA,20,ON ,0002992911540,1549,113121,1.000,294.00
